:020000040800F2
:1000000000100020BD0400085F8300085F83000823
:100010005F8300085F8300085F8300085F83000838
:100020005F8300085F8300085F830008719A0008FF
:100030005F8300085F830008019A000851B7000839
:100040005F8300085F8300085F8300085F83000808
:100050005F8300085F8300085F8300085F830008F8
:100060005F8300085F8300085F8300085F830008E8
:100070005F8300085F8300085F8300085F830008D8
:100080005F8300085F8300085F8300085F830008C8
:1000900005450008BB8E00085F8300085F830008E9
:1000A0005F8300085F8300085F8300085F830008A8
:1000B0005F8300085F8300085F8300085F83000898
:1000C0005F8300085F8300085F8300089D0E0008BF
:1000D0005F8300085F8300085F830008AD0A0008A3
:1000E0008D0A00085F8300085F8300085F830008B3
:1000F0005F8300085F8300085F8300085F83000858
:100100005F8300085F8300085F8300085F83000847
:100110005F8300085F8300085F8300085F83000837
:100120005F8300085F8300085F8300085F83000827
:100130005F8300085F8300085F8300085F83000817
:100140005F8300085F8300085F8300085F83000807
:100150005F8300085F8300085F8300085F830008F7
:100160005F8300085F8300085F8300085F830008E7
:100170005F8300085F8300085F8300085F830008D7
:100180005F8300085F8300085F8300081DB70008D5
:100190005F8300085F8300085F8300085F830008B7
:1001A0005F8300085F8300085F8300085F830008A7
:0401B0005F83000861
:1001C000013800D0FCE770470348044B834202D05B
:1001D000034B03B118477047EC540020EC54002047
:1001E00000000000064B0749C91A891048BF0131B9
:1001F000491003D0044B0BB101481847704700BFAA
:10020000EC540020EC5400200000000010B5064C17
:10021000237843B9FFF7D8FF044B13B10448AFF379
:1002200000800123237010BD3E2400200000000048
:10023000D8CB000808B5054B1BB105490548AFF3FD
:100240000080BDE80840FFF7CDBF00BF0000000000
:1002500000100020D8CB0008A3F5803A704700BFFB
:10026000174B002B08BF134B9D46FFF7F5FF0021EE
:100270008B460F461348144A121A09F08DF90E4B9B
:10028000002B00D098470D4B002B00D09847002042
:10029000002104000D000D48002802D00C48AFF3E7
:1002A000008007F01BFC2000290008F008FE07F082
:1002B0003DFB00BF0000080000000000000000003F
:1002C00000100020001000201C540020000000003E
:1002D0000000000008B5044808F0C4FA08F0B1FDB9
:1002E000BDE8084000F008B8C4C30008014808F0A1
:1002F000B9BA00BFC4C300082DE9F04F544E97B0FF
:10030000354609AC0FCD0FC42B6806F114052360E8
:100310000EAC0FCD0FC495E80F00DFF84C8184E8D8
:100320000F004C4808F09EFA404608F09BFA4FF444
:100330008073494FADF83C30484B38460B9309A9C0
:100340000EAB0D9302F088FC0421B6F834B00DEB2F
:1003500001000122ADF804B000F0F4F9B6F836A0BF
:100360000022012102A8ADF808A000F0EBF9B6F8D0
:1003700038900122042103A8ADF80C9000F0E2F9B6
:10038000758F0122042104A8354CADF8105000F0FF
:10039000D9F9344B4FF44870C4F8C834A3F500338E
:1003A000C4F8C4344FF00213C4F8CC341C23C4F88E
:1003B000B43403F0DBFF08A8ADF8205000F024FAB5
:1003C000142003F0D3FF08A8ADF8205000F0F0F996
:1003D000232003F0CBFF08A8ADF8205000F014FA5A
:1003E000B921384608F070F908A8ADF8205000F09F
:1003F000DFF9002205A81146ADF814B000F0A2F90B
:10040000002206A81146ADF818A000F09BF90122C1
:10041000002107A8ADF81C9000F094F901220021FA
:1004200008A8ADF8205000F08DF9384602F00AFA1D
:1004300000234046C4F8B434C4F8C834C4F8C43403
:10044000C4F8CC3408F011FA17B0BDE8F08F00BF43
:10045000D8C20008C4C3000800C00850E070720091
:1004600000C0035002000300D0C30008024B5868CC
:10047000C0F38060704700BF00ED00E0BFF34F8F16
:100480000549064BCA6802F4E0621343CB60BFF330
:100490004F8F00BFFDE700BF00ED00E00400FA054C
:1004A0000348044A0449121A921007F059BF00BFCA
:1004B000B4010008B40100081C54002008B500F085
:1004C0002FF8FFF7EDFF124B12498B4212D3002099
:1004D000114B12498B4218D3FFF7C2FE186850F82F
:1004E0002240586840F82240013298688242F5D391
:1004F0000C33EAE70022F8E71C6844F822000132D6
:100500005C68A242F8D30833E4E70022F8E700BFB2
:10051000E0CB0008ECCB0008ECCB0008ECCB0008EB
:100520004FF48041144B154A70B59A60D3F8882077
:10053000134D42F47002C3F88820124A05F50054A6
:1005400091664FF0FF3222666FF4003262660D2230
:10055000A2660222C3F8D020BFF34F8FBFF36F8F84
:100560004FF44036002003F05DF90020E66003F010
:100570003DF92E6170BD00BF00ED00E000000008F5
:100580000080004400900050014B1860704700BF8D
:1005900020540020054B1860054B1B6F03F0070328
:1005A000032B01D109F09CBA704700BF28540020EA
:1005B00000800050002307B52948019308F052F944
:1005C0004FF44073012204216846ADF8003000F07A
:1005D000B9F80122234B0520C3F8442401A90BF0EC
:1005E00027F8002839D1204BD3F8F02042F001023F
:1005F000C3F8F020D3F8FC2042F08072C3F8FC204E
:100600001A4AA3F55D431A60019B194A03F5D523E5
:1006100003F2FC43B3FBF2F3164A013B13610223DE
:10062000C2F8F0304FF48073C2F804334FF06043E7
:10063000114AC3F8B02F114AC3F8802ED3F8002E08
:1006400042F48072C3F8002EFF2283F82020D3F8F2
:10065000002E22F48072C3F8002E03B05DF804FB74
:10066000C4C3000800D0035000ED00E0FF030040C9
:10067000F8590D00000004E055CEACC5090001009A
:100680004FF06043D3F8802E30B5D20715D5012442
:100690000B4D8440D5F8FC2042F08072C5F8FC2058
:1006A000D3F8002E2243C3F8002E53F82020002A4E
:1006B000F0D003F82010002030BD1120FCE700BF6F
:1006C00000ED00E02DE9F04104464FF001080C2553
:1006D0000D4E0CB9BDE8F08194FAA4F0B0FA80F0A8
:1006E0000F2808FA00F2C8BF103824EA0204CABF73
:1006F00005FB006205FB0062B4325768002FE8D0AA
:100700009168C0B2B847E4E71810002008B50C485B
:1007100008F0A8F8272003F077F828B1272003F085
:1007200081F8272003F062F8282003F06DF828B143
:10073000282003F077F8282003F058F8002008BD9F
:10074000C4C300082DE9F0410E461746054628B3FC
:100750000F2925D80378E3B1013BDBB2022B1BD86C
:10076000114A32F813306A78D340DB0718D50F4BA3
:10077000D3F81043B4B90AF04FFF80463A462846F2
:10078000314602F039FD40460AF041FF2046BDE8FF
:10079000F08143F6FF73E6E70023E4E72224F5E760
:1007A0002124F3E70224F1E714C3000800C003503A
:1007B00010B50446F8B10378C3B1013BDBB2022B9C
:1007C00017D80F4A32F813306278D340DB0714D5BC
:1007D0000AF022FF0122637821789A40302359439E
:1007E000084B5A500AF013FF002010BD43F6FF7368
:1007F000EAE70023E8E72220F7E72120F5E700BF3A
:1008000014C3000840D0035010B50446F8B1037873
:10081000C3B1013BDBB2022B17D80F4A32F81330B9
:100820006278D340DB0714D50AF0F6FE0122637824
:1008300021789A4030235943084B5A500AF0E7FE7A
:10084000002010BD43F6FF73EAE70023E8E722200B
:10085000F7E72120F5E700BF14C3000840E003508C
:1008600010B50446F8B10378C3B1013BDBB2022BEB
:1008700017D80F4A32F813306278D340DB0714D50B
:100880000AF0CAFE0122637821789A403023594346
:10089000084B5A500AF0BBFE002010BD43F6FF7310
:1008A000EAE70023E8E72220F7E72120F5E700BF89
:1008B00014C3000840F0035038B50D46044628B371
:1008C00021B30378EBB1013BDBB2022B1CD8114AF8
:1008D00032F813306278D340DB0719D50AF09CFE5A
:1008E00030222378534303F1A04303F570331B6C8C
:1008F0006278D34003F001032B700AF088FE0020D9
:1009000038BD43F6FF73E5E70023E3E72220F7E76E
:100910002120F5E714C300082DE9F0410D461646E5
:1009200098460446002851D000294FD0017800296C
:1009300041D04B1EDBB2022B40D8264A32F813209E
:100940006378DA40D20701D4FF2941D1022E01D9C0
:10095000042E3DD10AF060FE23780746FF2B05D018
:1009600032462046296802F08DFC28602B6801334E
:1009700009D12378FF2B06D1174B6078D3F82414C4
:1009800007F022FF286029684B1C19D00C23134A5A
:1009900003FB0122069BC2F8048093602378FF2B9F
:1009A00004D001230E4A8B40C2F8243438460AF0A2
:1009B0002EFE002008E043F6FF72C1E70022BFE7E9
:1009C00038460AF024FE2D20BDE8F0812220FBE706
:1009D0002120F9E714C3000800C0035018100020BC
:1009E00000D003502DE9F0410D4690461F460446C5
:1009F000002841D000293FD0027892B3531EDBB2C9
:100A0000022B31D81E4931F813106378D940C90739
:100A100001D4FF2A32D10AF0FFFD23780646FF2BCE
:100A200005D042462046296802F0B2FC28602A68B8
:100A3000531C1BD00C23134903FB0211069BC1F866
:100A4000B870C1F8BC302378FF2B05D001231032D9
:100A500093400D4AC2F8243430460AF0D8FD0020F5
:100A600008E043F6FF71D0E70021CEE730460AF0F8
:100A7000CEFD2D20BDE8F0812220FBE72120F9E703
:100A800014C300081810002000D0035008B502F06D
:100A900099FB054B00F0553020F0A040C3F820042E
:100AA000BDE80840FFF70EBE00E0035008B502F0B5
:100AB00089FB054B00F0AA3020F02040C3F8200449
:100AC000BDE80840FFF7FEBD00E0035013B5044643
:100AD0000A4807F0C7FEA2780421B2FA82F223780E
:100AE00052098DF8043063780DEB01008DF8053064
:100AF000FFF728FE002002B010BD00BFC4C30008ED
:100B00002DE9F04F9A46554B85B01B7806460F46A7
:100B10001546DDF83C909DF844B0DDF85080002B80
:100B200000F08C80072A00F28B800E9B002B00F0D7
:100B30008780B9F1000F00F08380129BB3F5006F3E
:100B40007EDC012802D1109B002B79D0444B03EBB3
:100B500005131B7B002B75D0424C102200216846E8
:100B600008F01AFD04EB45141022002F58D1394625
:100B7000204608F011FD43F210036380BBF1000F23
:100B800003D1E37843F00303E370364A0E9B02EB94
:100B9000451CCCE90193129B6901581E9DF84C300D
:100BA000C0F30A0003F003039B0643EA001E5358F8
:100BB0002D48012E00EA03004EEA0003CDF800A004
:100BC000535041D113230CF1100ECCF80C309CE89B
:100BD0000F008EE80F006FF00301DCF81C20109B63
:100BE00061F39F02012FCCF81C20CCF8143003D104
:100BF000CCF81890CCF804300027194A290102EBF0
:100C0000051342F80180159A28465A606946224623
:100C10009F605E7302F0EEF9384605B0BDE8F08FD4
:100C20000021204608F0B8FC4FF444736380BBF108
:100C3000000FAAD1E37843F03003A5E70B48ECE7B7
:100C40000B48EAE70B48E8E7B8F1000FD4D19CF86D
:100C5000023068F304138CF80230CDE73F24002003
:100C600080120020801100200F80FFF3028000F02E
:100C7000018000F0078000F038B5124B05461B7864
:100C8000DBB1E0B10AF0C8FC0F4A00231146147B27
:100C900054B92B6001251A0101EB03131D738C500D
:100CA0000AF0B5FC204638BD0133082B02F11002D2
:100CB000EDD10AF0ACFC0548F5E70548F3E7054837
:100CC000F1E700BF3F24002080120020048000F0E4
:100CD000028000F0018000F038B50AF09DFC00238E
:100CE00005460B4A147B6CB90133082B02F1100244
:100CF000F8D102F02BF9074B28461C700AF087FC4C
:100D0000204603E028460AF082FC034838BD00BFB5
:100D1000801200203F240020058000F00D4B10B50C
:100D20001B78044693B1072812D80AF075FC0A4BC9
:100D300003EB04131A7B2AB100241C730AF067FC2E
:100D4000204610BD0AF063FC0448FAE70448F8E7BF
:100D50000448F6E73F24002080120020068000F0BF
:100D6000028000F0018000F0154B13B518680023D5
:100D700001908DF804300AF04FFC124B1C7824B11E
:100D80000AF045FC104802B010BD01221A700AF0AA
:100D90003EFC0E4B01A81C731C7783F82C4083F893
:100DA0003C4083F84C4083F85C4083F86C4083F807
:100DB0007C4008238DF8073002F0ECF82046E2E78B
:100DC0001AC300083F240020038000F08012002096
:100DD000F8B50D4D2D7885B1072810DC0B4D0601B7
:100DE00005EB0014277B67B1AB510025069BA5607E
:100DF000636002F0FFF82846F8BD0548FCE70548A7
:100E0000FAE70548F8E700BF3F24002080120020E1
:100E1000028000F0018000F0078000F00A4A08B567
:100E200012785AB107280BD8084A02EB00131B7B33
:100E300043B1002102F0A0F8002008BD0448FCE7FF
:100E40000448FAE70448F8E73F2400208012002015
:100E5000028000F0018000F0078000F00A4A08B527
:100E600012785AB107280BD8084A02EB00131B7BF3
:100E700043B1012102F080F8002008BD0448FCE7DE
:100E80000448FAE70448F8E73F24002080120020D5
:100E9000028000F0018000F0078000F0184B2DE97F
:100EA000F0411F6D5B6D1F4000D5FEE70126002558
:100EB000144CDFF85880374218D02368C8F85060C7
:100EC000A3B1A168284601316268A1609847637B9D
:100ED000012B0BD150B90C4B03EB45131A7B60F37C
:100EE00041021A731A7F60F341021A770135082D07
:100EF0004FEA460604F11004DDD1BDE8F08100BFE1
:100F000000000450801200208011002000200450B6
:100F10001FB54FF6FF730F28ADF80830039009DCBA
:100F200000910022084B03A902A8FFF7F5FC05B0C9
:100F30005DF804FB1038039000910022024B03A9D6
:100F400002A8FFF74FFDF2E7AF8400082DE9F04754
:100F50001E46002386B080F854300E9B044643633F
:100F600090F85C3088469146C663002B37D14FF429
:100F7000406305686B614369092B03D905F12C03B4
:100F8000443506E00BBF05F1200305F12403383595
:100F90003C3567694FF0010A082F94BF00270127ED
:100FA000A26D0132A265124A0494CDE90272019643
:100FB000CDF800A04A46216BA06A07F05EFA002334
:100FC000CDE90167CDE90333CDF800A043462A46B9
:100FD000E16A606A07F037FA06B0BDE8F087012BD6
:100FE000FAD1006807F0FCFA256805F13C03C7E771
:100FF000B984000838B50546B0B1B9B1B2B1B2F59F
:10100000006F13DC0AF008FB95F84C3003F0FF0486
:101010001BB10AF0FCFA064838BD012385F84C30B4
:101020000AF0F5FA2046F7E70248F5E70248F3E749
:10103000032000F0012000F0022000F02DE9F04331
:101040000B68994A8FB0934205460C460DF118087B
:101050000BD0964A934208D002F58042934204D0C6
:1010600002F58042934240F0D4804746904ECDF83E
:1010700014800FCE0FC796E80F00103687E80F00D8
:101080000FCE01AF0FC7002D00F0B78184220021E1
:10109000284608F081FA2368834A93420ED0834A97
:1010A00093422CD002F5804293422ED002F580422A
:1010B000934230D07F480FB0BDE8F0834FF47022E8
:1010C00000267D487D492B600123A44685F85C30CD
:1010D0002F1DC5E90B122865BCE80F000FC79CE85F
:1010E0000F0087E80F00637E012B08BF8DF81D30CD
:1010F000A37E032BDED8DFE803F0171483854FF4BB
:10110000801201266E486F49DDE74FF498120226DF
:101110006D486E49D7E74FF4A01203266C486D491D
:10112000D1E704238DF81230227EE368012A4FF0C4
:10113000000269D168498DF811208B429CBF0523BC
:101140008DF83530654B6648039307F08BFB2B6DAC
:10115000986807F087FB2369DA1F092AAAD8063B9B
:101160008DF81030237E2BB9E37EB3FA83F35B094D
:101170008DF81C300121284607F0BDF900289AD1CE
:10118000237A2279760142EA034206F1A04303F56D
:101190007033C3F8AC24617A627942EA0142C3F841
:1011A000A424A17AA27942EA0142C3F8A824E27EEB
:1011B0006ABBE17AE27942EA0142C3F898241D222F
:1011C0002068C3F8942401A901F046FD0AF024FA2E
:1011D000444B1A78002A40F0058101221A700AF067
:1011E00016FA03F053F8FFF7BFFD002105F12400C4
:1011F000FFF742FD0146002800F0F7803A485AE721
:1012000002238FE706238DE78DF834209BE71C220D
:10121000D6E74646354F0FCF0FC697E8070086E85A
:101220000700002D00F0E98084220021284608F004
:10123000B3F923682E4A93420FD002F580429342BD
:101240002BD002F5804293427FF434AF4FF4B012BA
:101250004FF002092748284905E04FF480224FF05B
:101260000009264826492E462746C5E90B1228655F
:1012700046F8043B0FCF0FC697E80F0086E80F0033
:10128000637E012B08BF8DF82630A37E032B3FF62B
:1012900011AFDFE803F03F3B92954FF4A8124FF0F7
:1012A000010918481849DEE70000015B00C008503A
:1012B00020C30008022000F02CC4000801000F0029
:1012C00020C400080100100014C40008010013002D
:1012D00008C40008010014003F4B4C0040420F00BE
:1012E000C4C3000840240020092000F054C30008B3
:1012F00000000A50D8C3000804001600F0C300081C
:1013000002000400E4C30008020015004FF400735B
:10131000ADF82830237E3A48012B03BF00238DF817
:1013200025304FF4E133E368089307F09BFA2B6D07
:10133000986807F097FA23691A1F0C2A3FF6BAAE8D
:10134000033B414620688DF8243007F0ECF9A3698F
:101350006FF3172323B92A68936843F480339360AB
:10136000237A2679607946EA0346637AA17940EACE
:101370000340E77EA37A234A41EA03414FEA491337
:101380000FBB1A44C2F83868C2F83008C2F83418E3
:10139000E17AE27903F1A04342EA014203F57033B6
:1013A000C3F824281D22C3F820280121284607F06D
:1013B000A2F800287FF47FAE08E74FF48073A7E718
:1013C0004FF44073A4E71344C3F83868C3F83008F7
:1013D000C3F834181C2309F141094FEA491942F8AE
:1013E0000930E2E70AF013F9FDE605F12800FFF7FE
:1013F00043FC00283FF45FAE00E703485BE600BF14
:10140000C4C3000800C00350012000F02DE9F341DF
:101410001F46037F0546012B8846164611D03A46E3
:10142000FFF7E8FD044640B96EB1089B32460093D1
:1014300041463B462846FFF789FD204602B0BDE8FD
:10144000F081024CF9E7024CF7E700BF082000F0FA
:10145000022000F070B50D46044600B30AF0DCF837
:1014600094F84C30064603F0FF011BB10AF0CFF8A8
:101470000C4870BD94F85C3025614BB92A4619467A
:10148000206807F040F930460AF0C1F80020F0E784
:10149000012BF8D12A46206801F0FEF9F3E7024853
:1014A000E7E700BF032000F0012000F0044BD3F871
:1014B0008420D206FBD4D3F88400C0F38110704797
:1014C0000040005038B5174B0546D3F828310C467C
:1014D00003F00703013B052B20D8DFE803F00313DB
:1014E0001B0F0B1708F0D6FA052305B1286004B1CD
:1014F000236038BD08F0CEFA0623F6E708F014FBA7
:101500000723F2E708F006FB0323EEE708F002FBEF
:101510000423EAE708F0FAFA0223E6E70023184674
:10152000E3E700BF00800050002337B50193164B5E
:101530000546D3F820320C4603F00703042B21D8CC
:10154000DFE803F0030B11161B0001230DB1019A14
:101550002A6004B1236003B030BD002101A8FFF769
:10156000B1FF1223F2E708F0DFFA07230190EDE75D
:101570000AF058F80A230190E8E708F01DFB092358
:101580000190E3E70023E1E70080005038B5104BFD
:101590000546D3F850320C4603F00303022B12D059
:1015A000032B08D0012B0AD00023184605B1286070
:1015B00004B1236038BD0AF038F80C23F6E70AF0CE
:1015C00031F80A23F2E708F0F7FA0923EEE700BF43
:1015D0000080005038B5104B0546D3F880300C46DB
:1015E00003F00303022B0BD0032B0DD0012B0FD1E3
:1015F00008F056FA0E2305B1286004B1236038BD07
:1016000008F092FA0723F6E708F044FA0623F2E717
:1016100000231846EFE700BF0080005038B5104B9C
:101620000546D3F800310C4603F00303022B0BD020
:10163000032B0DD0012B0FD108F06CFA032305B159
:10164000286004B1236038BD08F0B6FA0923F6E734
:1016500008F066FA0823F2E701230020EFE700BF55
:101660000080005038B5184B0546D3F820010C46D1
:1016700000F00700062823D8DFE800F0040A0E1661
:10168000121A1E00012305B1286004B1236038BD81
:1016900008F000FA0523F6E708F03CFA0323F2E726
:1016A00008F042FA0723EEE708F030FA0223EAE7EF
:1016B00008F0F0F90623E6E708F02CFA0423E2E745
:1016C00000231846DFE700BF0080005038B5104BFC
:1016D0000546D3F840310C4603F00303022B0BD030
:1016E000032B0DD0012B0FD109F09CFF0A2305B16C
:1016F000286004B1236038BD08F05EFA0923F6E7DC
:1017000009F093FF0C23F2E701230020EFE700BF6D
:1017100000800050002337B50193164B0546D3F8DF
:1017200060320C4603F00703013B032B1FD8DFE8B0
:1017300003F0020E1914002101A8FFF793FF1023F4
:101740000DB1019A2A6004B1236003B030BD0021BD
:1017500001A8FFF7BBFF1123F2E708F0E5F9072323
:101760000190EDE708F0D2F902230190E8E70023A9
:10177000E6E700BF00800050002337B50193164B09
:101780000546D3F894320C4603F00703013B032BC4
:101790001FD8DFE803F0020E1914002101A8FFF79B
:1017A00061FF10230DB1019A2A6004B1236003B0D8
:1017B00030BD002101A8FFF789FF1123F2E708F0EF
:1017C000B3F907230190EDE708F0A0F90223019097
:1017D000E8E70023E6E700BF0080005038B5104B73
:1017E0000546D3F860310C4603F00303022B0BD0FF
:1017F000032B0DD0012B0FD109F014FF0A2305B1E3
:10180000286004B1236038BD08F0D6F90923F6E753
:1018100009F00BFF0C23F2E701230020EFE700BFE4
:10182000008000502E4B98424AD022D82D4B98422F
:1018300040D014D82C4B984239D00AD82B4B984220
:1018400032D02B4B98422FD02A4B98422CD00020DC
:101850007047294B9842FAD1284B186F7047284B94
:1018600098422AD0274B9842F1D1244BD3F88000DC
:101870007047254B98422BD009D8244B984223D04F
:10188000234B9842E3D11D4BD3F88C007047214B7A
:10189000984221D003F5740303F510539842D6D132
:1018A000164BD3F898007047144B986D7047134B44
:1018B000586E7047114B586F7047104B986F7047B8
:1018C0000E4BD3F8840070470C4BD3F88800704758
:1018D0000A4BD3F890007047084BD3F89400704738
:1018E0000048E8010024F400C0CF6A0080841E0094
:1018F00000093D0040420F00405DC6000080E00F3F
:10190000C0EA210180BA8C01007E560380D54302D3
:10191000006CDC020090D00373B50D460021114B22
:101920000191D3F88041064604F00304022C13D041
:10193000032C0CD0012C13D101A8FFF793FE102427
:101940000EB1019B336005B12C6002B070BD08F090
:10195000EBF807240190F3E708F0D8F80190EFE7DF
:101960000C46EDE70080005038B5104B0546D3F823
:1019700040320C4603F00303022B0BD0032B0DD097
:10198000012B0FD109F04EFE0A2305B1286004B1E6
:10199000236038BD08F010F90923F6E709F045FE89
:1019A0000C23F2E701230020EFE700BF0080005086
:1019B00038B5144B0546D3F800020C4600F007007A
:1019C00004281BD8DFE800F003090D1115000123DE
:1019D00005B1286004B1236038BD09F023FE0A2355
:1019E000F6E708F0E9F80923F2E709F01EFE0C23F8
:1019F000EEE708F075F80F23800AE9E700231846A0
:101A0000E6E700BF0080005038B5144B0546D3F818
:101A100008020C4600F0070004281BD8DFE800F09D
:101A200003090D111500012305B1286004B12360DD
:101A300038BD09F0F7FD0A23F6E708F0BDF80923E1
:101A4000F2E709F0F2FD0C23EEE708F049F80F2366
:101A5000800AE9E700231846E6E700BF008000504F
:101A6000B0F5207F1FD009D8B0F5007F15D003D87E
:101A700068B1B0F5C07F0AD000200CE0B0F5607FFF
:101A8000FAD10B4BD3F88000C0F3011003E0084BF0
:101A9000186FC0F3033001307047054BD3F8900046
:101AA000C0F30460F7E7024B186FC0F38020F2E741
:101AB0000080005002464FF48030104B10B59866FD
:101AC0000020FFF7CDFF504341F671320C4BDC692B
:101AD000DA635A6804F4803422F4401259B909498F
:101AE000884294BF00200120000502435A600CB1D7
:101AF0000022DA6310BD0449F2E700BF00900050F5
:101B000000000350005A6202002D31014209531EA9
:101B1000022B96BF074B002303EB820300F01F004C
:101B200029B103F58053012282401A60704703F502
:101B30000053F8E7608000501FB50021B0F5807FAA
:101B40000446CDE9001100F0CF803BD8002800F01A
:101B5000A480A0F12004602C44D8602C42D8DFE897
:101B600004F09CA49CA4B4B4B4B4B4A4BE4AD46A93
:101B70004AA4A4A44141414141414141A4A4A47CBF
:101B8000DEA4414141414141414141414141E3B430
:101B90009C9C9CD94A4A88E85FB9414141414193A4
:101BA0009C41B4B4B4B4B4B9B9A441A4A441414172
:101BB0004141414141414141414141414141414115
:101BC00041419800B0F5E06F00F0A98038D8B0F539
:101BD000607F75D01AD8B0F5007F61D005D8B0F518
:101BE000C07F5AD0009804B010BDB0F5207F5CD003
:101BF000B0F5407FF6D107F073FF02464FF4207036
:101C0000FFF72EFFB2FBF0F2520857E0B0F5B06FCD
:101C100065D00AD8B0F5806F57D0B0F5A06FE1D18C
:101C200000216846FFF780FCDCE7B0F5C06F6CD0A0
:101C3000B0F5D06FD6D100216846FFF7B9FED1E7E5
:101C4000B0F5186F70D00DD8B0F5086F7FD0B0F533
:101C5000106F5FD0B0F5F06FC4D100216846FFF778
:101C6000BDFDBFE7B0F5286F63D007D8B0F5206F92
:101C7000B8D100216846FFF74DFDB3E7B0F5406FDE
:101C800028D0B0F5486FADD100216846FFF774FD4C
:101C9000A8E707F005FF0090A4E707F021FFFAE7A7
:101CA00007F0FEFE0246204604E007F019FF024658
:101CB0004FF42070FFF7D4FEB2FBF0F2009291E7F0
:101CC00001A8FFF787FC019AEDE700216846FFF7BE
:101CD000C9FC87E700216846FFF7F4FB82E7002193
:101CE0006846FFF719FE7DE74FF0E02302911B697C
:101CF0005B0705D507F0F4FE0290029B009371E7A5
:101D000003A902A8FFF7E2FCF7E700216846FFF706
:101D1000DDFC67E700216846FFF776FE62E70021F9
:101D20006846FFF721FE5DE700216846FFF72EFCBD
:101D300058E70021084B0391D3F8703203F00303F6
:101D4000012B02D103A8FFF7C1FC039BD6E768462D
:101D5000FFF764FC46E700BF0080005008B5802014
:101D6000FFF7EAFE034B98429EBF4FF48032024BCE
:101D70001A6708BD005A620200A000501FB5034652
:101D80000020B3F5807F019000F0F48000F28E8097
:101D9000662B7DD83C2B06D8243B092B5ED90198B5
:101DA00005B05DF804FB3D3B292BF8D801A252F8A1
:101DB00023F000BF971F0008C51F00089F1D0008E3
:101DC0009F1D00089F1D00089F1D00089F1D000803
:101DD0009F1D00089F1D00089F1D00089F1D0008F3
:101DE0009F1D00089F1D00089F1D00089F1D0008E3
:101DF000CF1F00086B1F00089F1D00089F1D0008D3
:101E00009F1D0008131F00089F1D00089F1D00084C
:101E10002D1F0008D91F0008D51E0008BB1F000891
:101E20009F1D00089F1D00089F1D00089F1D0008A2
:101E30009F1D0008451F00089F1D00089F1D0008EA
:101E40006B1F00086B1F00086B1F00086B1F00084A
:101E50006B1F0008BB1F0008BB1F0008092B9ED882
:101E600001A252F823F000BF6B1F00086B1F00088F
:101E70006B1F00086B1F00086B1F00089F1D0008E8
:101E8000611F00089F1D0008F31E0008A11F000825
:101E9000802B84D1594B1B6F03F00703013B032BAD
:101EA0003FF67DAFDFE803F05A535658B3F5F06FB5
:101EB00071D023D8B3F5B06F52D010D8B3F5607F8E
:101EC00077D0FFF46CAFB3F5806F4ED0B3F5A06F51
:101ED0007FF465AF002001A9FFF726FB5FE7B3F5AC
:101EE000D06F5DD0B3F5E06F6CD0B3F5C06F7FF409
:101EF00056AF002001A9FFF7E9FB50E7B3F5186FD3
:101F000065D00BD8B3F5086F4FD0B3F5106F7FF4E1
:101F100046AF002001A9FFF777FD40E7B3F5286F32
:101F20005AD008D8B3F5206F7FF439AF002001A94B
:101F3000FFF7F0FB33E7B3F5406F3ED0B3F5486FE2
:101F40007FF42DAF002001A9FFF716FC27E705233A
:101F5000019324E70323FBE70823F9E70223F7E7CC
:101F6000002001A9FFF7D8FC19E7002001A9FFF71D
:101F700079FB14E74FF0E02302901B695B0705D55E
:101F800007F0AEFD0D230393039BE1E703A902A82D
:101F9000FFF79CFBF8E7002001A9FFF71FFCFEE616
:101FA000002001A9FFF704FDF9E601A9FFF736FBC0
:101FB000F5E601A9FFF70EFBF1E6002001A9FFF706
:101FC00081FAECE6002001A9FFF7CEFCE7E600204D
:101FD00001A9FFF7DBFAE2E6084BD3F8703203F011
:101FE0000303012B04D0022B0CBF15230023AFE702
:101FF000002103A8FFF76AFB1123A9E70080005026
:102000004FF48032074B0849586E03F580535A66E7
:102010004B6A23F001034B62C3035CBF034B5A6658
:10202000704700BF008000500000085000A0005022
:1020300038B504468020FFF7A1FE032800F08A800F
:102040004FF48012544B4FF0A0615A6645F60E03D0
:10205000524AC2F88030524B99624FF4803103F5F6
:1020600080539962936DD903FCD4916D11F0804136
:10207000FBD1D4E900031B0543EA0063E07B034383
:10208000207B43EA0043607B43EA0033A07B43EAC2
:10209000801313619069D4E904531B0643EA8563F6
:1020A00000F000400343A07EE57E0343207E43EA28
:1020B0000043607E43EA00239361136AE06923F0E2
:1020C0000F03002843EA000343EA850314BF0125F8
:1020D000002543EAC5031362324D3CD194F8243005
:1020E000916A94F82000DB00294043EA40130B4337
:1020F00094F8211043EA011343F4803393622A4990
:10210000264A936D31EA0303FBD14FF080712448D6
:1021100081621369A56823F4700343EA05531361D0
:102120004FF00043836194F822300BB91F4B996242
:1021300094F823303BB94FF480321C4B9A62174A13
:10214000936D5B00FCD494F825301BB1134B184AF7
:10215000C3F8802038BD022808D11161154891616B
:102160004FF408524FF47F4106F045FA0B4994F8BA
:1021700022308A6A94F820001B062A4043EA401362
:10218000134394F8242043EAC20394F8232043EA3B
:1021900002438B62D7E700BF009000500040005A16
:1021A0000050005AC7FFFEFE030001000060005A05
:1021B000F1A7FFFF3440005A014B93F9000070472C
:1021C000D85400204FF400011B4A437810B55166E3
:1021D0004FF4D151022402F5B832516217494F2B06
:1021E0004C604FF0010428BF4F2301F580514C6033
:1021F0001169C903FCD4017843EA01235361D0E992
:1022000001131B0143EA0123417B0B43017B43EA9A
:1022100041039360C37B817B1B0143EA4113417CF3
:102220000B43017C43EA41035360837C13B16FF499
:10223000D153536210BD00BF0090005000100250F7
:10224000014B1880704700BFD2540020014B18800A
:10225000704700BFD05400204FF4800208B5184BDF
:102260005A660223174A5360936813F48033FBD1F4
:10227000012822D107F04EFC134B984215D003F5EC
:10228000122303F5F863984213D0104B00EB800241
:10229000400AB3FBF0F3520A0A49CA620B630123F6
:1022A0004B620022074B5A6008BD45F67A13084A74
:1022B000F2E745F61A03074AEEE75362F1E700BF7B
:1022C000009000500040025000F0490264666666CB
:1022D000D8B80500BBCF0500B0F5207F10B50C467F
:1022E00057D008D8B0F5007F48D003D830B3B0F548
:1022F000C07F23D010BDB0F5607FFBD12949013CE0
:10230000D1F8FC2012F080721EBFD1F8FC3023F00F
:102310008073C1F8FC302449D1F8803023F03003B9
:1023200043EA0414C1F88040002AE3D01D4AD2F8E1
:10233000FC3043F08073C2F8FC30DBE706F06AF94A
:1023400006F076F94FF48031184B174A1967136F6E
:10235000013C23F4704343EA0434146707F0C0FBE4
:102360000446FFF7A3F8C0F10201204606F05AF92F
:1023700000F036F8BDE81040FFF7F0BC0A4A4C1EEA
:10238000D2F8903023F0F85343EA0464C2F8904046
:10239000B0E7054A4C1E136F23F4806343EA84239D
:1023A0001367A7E700ED00E00080005000900050A8
:1023B00008B50121022000F02FF94FF42070FFF73B
:1023C0004FFB054B187006F025F906F031F94FF474
:1023D0008032024B1A6708BD412400200090005053
:1023E00008B54FF4C070FFF7A7FBBDE808400449EB
:1023F000884294BF012102214FF42070FFF76CBF87
:1024000080F0FA0238B5044607F06AFB0546FFF78C
:102410004DF8C0F10201284606F004F90121002020
:1024200000F03AF92CB1FFF7DBFFBDE83840FFF7C9
:1024300095BC034B4FF420701978FFF74DFFF4E77C
:10244000412400204FF4C02270B50546FFF7EAF999
:102450002F4B04465A6603F598335A68012A04D173
:102460002C494A605A689207FCD48020FFF786FC0A
:10247000052807D106F0CEF806F0DAF84FF48032DE
:10248000234B1A67244B24F040749D4235D0234BD4
:102490009D4235D007F0FEFA8542064603D9012158
:1024A000284600F0F9F81E4BDA6812F0060FFBD14F
:1024B00099689C609A68624012F4F81F23D12846FC
:1024C000FEF762F88020FFF759FC05280DD107F0D0
:1024D00007FB0446FEF7EAFFC0F10201204606F0C2
:1024E000A1F8FFF77DFFFFF739FCB5420ED8BDE834
:1024F00070400121002000F0CFB844F00074C9E71B
:1025000044F08074C6E735469960DBE770BD00BFD4
:102510000090005000E0015040420F0080841E00F7
:1025200000000150294B98423DD027D8A3F5B703AE
:10253000A3F55863984232D019D8254B98422AD037
:10254000244B984227D0244B984224D000234FF4A8
:102550000021224A23F0407351661F4A90422ED038
:102560001B4A90422ED04FF0B442936070471C4BF0
:102570009842EBD11B4BD3F8BC30E8E71A4B98429A
:1025800015D01A4B984216D0194B9842DED1154BF4
:10259000D3F8C830DBE7134BD3F8A030D7E7114BA3
:1025A000D3F8B830D3E70F4BD3F8C030CFE70D4B9B
:1025B000D3F8CC30CBE70B4BD3F8D030C7E743F0A0
:1025C0000073D0E743F08073CDE700BFC0EA21017C
:1025D00080841E0000093D0040420F000090005022
:1025E0000024F4000080E00F0048E801005A620275
:1025F00080BA8C01024A536B0342FCD1704700BF82
:1026000000800950034A0179D36E23F030030B4355
:10261000D366704700400050F8B504461C4BD3F811
:102620008420D106FBD4D3F88430C3F381139C42B9
:102630002CD007F035FA012C064602D1214605F0D0
:10264000F1FF08F0E0FF4FF00072124B07465A66A8
:10265000204605F0F2FF4FF480630D4D621E93405B
:102660002B676B6E9A0103D4D5F884309B060AD58C
:10267000384608F0C3FF022C08D13046BDE8F840C8
:10268000002105F0CFBFD5F88430EAE7F8BD00BFE0
:10269000004000500060005010B50C4608B907F02B
:1026A000FFF9074B21461B783BB1064B984204D8F3
:1026B0000120BDE81040FFF7AFBF0220F9E700BFDF
:1026C00042240020005A62024FF0004238B5244BE9
:1026D000244C5A664AF6CD33656C014605F0010577
:1026E000236430BB0120FFF785FF6368DB0708D454
:1026F000002415B11B4B1C4A1A6405F09FFF2046AD
:1027000038BD1A4B58600846194B226BD20705D4C6
:10271000984201D10724ECE70130F6E79842E7D16F
:10272000F8E70132236B13F0080305D08A42F8D191
:10273000F0E700220E49F5E78A42EBD020210B4A50
:1027400091620121A2F5805251600649084A886AC7
:10275000800603D49342DDD00133F8E79342DEE7ED
:1027600000900050008009503254FFFF00A0095033
:1027700040420F004FF0004238B5164B01465A66F2
:102780004AF6CD33144C154A656C236443780B200C
:102790005B0043F00103D363FFF72CFF63688A7883
:1027A00023F4F87343EA02136360CA784B7943EA6F
:1027B0000223A3600A798B7943EA02232361087814
:1027C000FFF782FFEB0744BF054B236405F036FF9C
:1027D000012038BD0090005000800950004000509A
:1027E0003254FFFF4FF00042124B70B55D6E03F59F
:1027F00080535A664AF6CD3304460F4980204E6C0A
:102800000B64FFF7F7FE0B6A23F00F030F2C94BF46
:10281000234343F00F030B62F30744BF074B0B64E2
:10282000002DA2BF4FF00042054B5A6605F006FF8F
:1028300070BD00BF00800050008009503254FFFF7F
:1028400000A0005010B505F0FEFE042300F58051F5
:1028500000F500520B6113610B6113610B61136191
:102860000B611361202341F2020103610023C36065
:10287000836041614FF4A021836183654162054912
:10288000C36103628362C36243630365D16403630C
:1028900010BD00BFFF3F0D03F8B5054614460846BE
:1028A00081B9394B9D4238D0384B9D4237D003F522
:1028B00080439D4235D003F580439D4208BF66208A
:1028C000FFF73AF9AB68DE0733D5B0FBF4F46E6876
:1028D000013C16F001062AD02821284605F0AFFE5B
:1028E000AB6C99071FD1AB6CDA071ED4AB6C13F03D
:1028F000020F14BF06270027284605F0A4FE2B6907
:1029000023F07F4343EA04632B61002E3BD039461A
:102910002846BDE8F84005F0CDBE5620D0E7572048
:10292000CEE76520CCE70527E6E70927E4E7374649
:10293000E5E76B68AB6DDB07AB6848BF640003F08D
:10294000E003402B1BD014D8002B0CBF102308230E
:1029500063434101B1FBF3F20D4B203A03EAC2029B
:102960002846012105F06BFE2A63BDE8F84005F01A
:1029700066BE602B05D0802B05D10123E8E7062336
:10298000E6E70423E4E7F8BD0000015B00C008505F
:10299000F8FF7F002DE9F8439846436804460E4649
:1029A00017461BB140F6FF7105F049FE2046FFF7C0
:1029B00049FFF189737B62690B43318A22F44C52DF
:1029C0000B4322F00F0213436361A268317E337B15
:1029D00022F0804222F0E2020B4313437269D6F8E0
:1029E00008901343A360B9F1000F03D1A36843F02B
:1029F0000043A360F069002871D0857A037A6D04E2
:102A0000A26845EA83558B4B13401D43838803F42A
:102A1000C0431D43437845EA8305437B45EAC3052C
:102A2000837B45EA0315837845EA8325A560E5683D
:102A3000D0E904321343804A2A401343827943EA9F
:102A40008223C27943EA4223E360037803F0FD0264
:102A5000012A08BFE268A3F1020304BF42F00402A6
:102A6000E260012B754B00F296809C4200F08D8055
:102A7000734B9C4200F08B8003F580439C4200F036
:102A8000888003F580439C4214BF4FF0FF3303233B
:102A900041F294425B0103F1A04303F57033022538
:102AA0009D50437A04F5805293621BB1E36843F46E
:102AB0000063E360C37A63B1E36843F40043E36017
:102AC0005E4B9C4240F08580037B5E4A03F00F031F
:102AD0005367636AC27B23F003031343636247B106
:102AE00097F8203004F58050002B00F090800123EF
:102AF0000362B8F1000F32D004F5805011B14FF4E9
:102B0000004383654D4BB8F822109C4298F8213061
:102B100000F08A804A4A944200F0888002F58042A0
:102B2000944200F0858002F5804294420DD1032248
:102B3000112B34BF01270227434DB1F5006FAF546D
:102B400094BF01270227414DAF54A26D0B4322F4DD
:102B5000F95222F01E021343A36501238365052168
:102B6000204605F08AFDB9F1000F03D04A4671688E
:102B7000FFF792FE2046317805F09CFDA36CDB4305
:102B800013F4405FFAD1BDE8F883002380E7012306
:102B90007EE702237CE79C4215D0294B9C4214D04F
:102BA00003F580439C4212D003F580439C4214BF3E
:102BB0004FF0FF3303235B0103F1A04342F2944241
:102BC00003F570336BE70023F5E70123F3E70223F6
:102BD000F1E71B4B9C4206D1037B1A4A03F00F031B
:102BE000C2F8803075E71A4B9C4206D1037B154A28
:102BF00003F00F03C2F88C306BE7164B9C4201BF09
:102C0000037B104A03F00F03C2F8983061E7E269D2
:102C100097F8223097F8215022F009022B431343F2
:102C200043F00103C36164E7002281E701227FE7EB
:102C300002227DE7E39BBDFFFFF9F0870000015B07
:102C400000C0085000900350472400204324002077
:102C50000000095000400950436870B504460E4614
:102C60000D691BB140F6FF7105F0E9FC2046FFF746
:102C7000E9FD2269737BB17B22F087020B4313438A
:102C800043F0800323610DB323692A7F23F0F80307
:102C900043EAC2132A7813432A7943EA42136A7A31
:102CA00043EA0213EA7B43EA82132361E268D5E92F
:102CB000053122F0F04222F470220B4313432A7BA9
:102CC00043EA82236A7B43EAC233E360A368F27B70
:102CD00023F00303134343F00103A36025B36B8880
:102CE000A26803F4C0431343A360A3686A7943EA6C
:102CF0008223A360AB79E979626A1B01090203F0C0
:102D0000700301F4E06122F4772222F4EE620B43B7
:102D100013432A7A120302F4E04213436A7F120437
:102D200002F47022134363626369327B23F00F0362
:102D300013436361ADB16B89A3616B7B3BB1314BD5
:102D40009C4224D1AB7B304A03F00F035367EB7BEB
:102D50003BB12C4B9C4238D12B7C2B4A03F00F0308
:102D60001367D6E901122046FFF796FD052120469C
:102D700005F083FC282105F062FC3378A36305F09D
:102D80005EFCA36CDB4313F4405FFAD170BD1F4BB4
:102D90009C4206D1AB7B1C4A03F00F03C2F8803083
:102DA000D5E71B4B9C4206D1AB7B174A03F00F03C0
:102DB000C2F88C30CBE7174B9C4201BFAB7B124A69
:102DC00003F00F03C2F89830C1E7104B9C4205D1C5
:102DD0002B7C0D4A03F00F03D367C2E70C4B9C42D8
:102DE00006D12B7C084A03F00F03C2F88830B8E7FD
:102DF000084B9C4201BF2B7C034A03F00F03C2F82F
:102E00009430AEE70000015B0090035000C0085012
:102E10000000095000400950072A2DE9F0411546ED
:102E200098464FF0030401F003072DD89600B440F4
:102E300000FA06F221461C4805F056FC21461B48C4
:102E400007FA06F205F050FC194B1A499DF81800D4
:102E5000B8F1000F18BF1946012303FA05F50D60FC
:102E6000154B1649002818BF0B461D60144B9DF8E2
:102E70001C00C3F82054103103F22443002818BF6B
:102E80000B461D60BDE8F081A2F10806B600B44013
:102E900000FA06F221460B4805F026FC21460A48B6
:102EA00007FA06F2CEE700BF00C4035008C403507F
:102EB00010D4035010E4035014E4035014D403500E
:102EC00000E0035004C403500CC403502DE9F0414A
:102ED00005460F461E4690464AB101233022194C42
:102EE0008B4002FB004436B304F5825423600F216B
:102EF000072F05EB450388BFA7F108044FEA03132A
:102F0000114895BFBC00A40004330C3308FA04F246
:102F1000A140184405F0E8FBB8F1000F09D10123E6
:102F20003021084ABB4001FB05223EB102F5825226
:102F30001360BDE8F08104F50154D7E702F50152B2
:102F4000F6E700BF00C0035030C0035010B5232087
:102F500000F03AFC0024FF22064B21465C6520204D
:102F60009A625C60FEF7D2FD2146BDE81040212048
:102F7000FEF7CCBD00000450044A054B002908BFF1
:102F80001346012282401A60704700BF401004506F
:102F90004020045010B5012104462020FEF7B6FD64
:102FA00001212120FEF7B2FD0122114B23205A609E
:102FB000227812069A606178A27842EA01429A6108
:102FC000FF229A6200229A631A644FF000425A6507
:102FD0004FF0FF3203F500531A6500F023FC232065
:102FE000E17805F04BFCBDE81040232000F0FEBB6B
:102FF00000000450F8B50125C3B2D1F800E091F803
:103000000AC00F7B0C469D40CB7A1D491D4E0D65B5
:10301000810001F1A04101F58821C1F804E04FF0E1
:10302000300E0EFB00601B05617B43EA0C4343EA54
:10303000475322F003020166C365026708F0ECFA09
:10304000114B5D65237A13B1336C2B433364637A80
:1030500013B1B36B2B43B3632279A37943EA0243E1
:10306000074A93616179E37943EA014306498B6139
:10307000044B55639D64BDE8F84008F0C8BA00BF32
:1030800000200450000004500010045010B501242A
:10309000C0B2844008F0C0FA044B5A6D22EA040220
:1030A0005A659C62BDE8104008F0B1BA00000450B7
:1030B00010B50124C0B2844008F0AEFA074BDA6ABA
:1030C000224208D15B6B9C430CBF0124002408F012
:1030D0009EFA204610BD0024F9E700BF000004500E
:1030E00070B5054608F098FA3022084B5E6B02FB7B
:1030F00005335C6E08F08BFA0123EDB2AB4033422E
:103100000ABFC4F30A100020013070BD0000045053
:103110000D4B984208D1A3F5D023C3F85812C36DC4
:1031200043F08003C3657047084B984204D1A3F570
:10313000D823C3F87412F2E7054B984204BFA3F5F5
:10314000E023C3F89012EAE700000A5000400A505A
:1031500000800A50012200F580535A6040F6AA63AD
:1031600041F20502436100230D498360C365C260DB
:1031700000F500520361C361C3649164094983652A
:10318000884203D103650023436506E0064988426F
:10319000F8D001F580418842F4D001235360704794
:1031A000FFFF010000000A5000400A50012243784E
:1031B00001789A4030235943014B5A50704700BF61
:1031C00040E00350034BD3F82424D3F820041040EC
:1031D000704700BF00C00350064BDA6E02F03002A9
:1031E000202A06D0DA6E22F0300208B142F0100236
:1031F000DA667047004000502DE9F8431F4B054642
:10320000D3F810334B1E0E2B0E461746047890F859
:10321000018026D951B34FF0000928461FB306F0AC
:1032200035FD0F21B8F1070F04EB440488BFA8F166
:1032300008084FEA0414124895BF4FEA88084FEA7D
:10324000880804340C3409FA08F201FA08F1204421
:1032500005F0ABFA86B9284657B1BDE8F84306F049
:1032600015BD8946D9E7FFF7A1FFDAE78946D8E718
:10327000BDE8F843FFF79ABFBDE8F88300C00350EC
:1032800030C003502DE9F0412B4B1746D3F81023E3
:103290004A1C06460C46407804D1D3F8241405F0A5
:1032A00093FA0446002C2FDB072C4FF003053278ED
:1032B0002DDC4FEA840805FA08F529461F4802FA72
:1032C00008F205F072FA294672781D4802F00302EE
:1032D00002FA08F205F069FA012317F0050F194AFE
:1032E00018BF194903FA04F30CBFC2F81034C1F82F
:1032F000103417F0060F18BF134AC2F81434012314
:10330000104AA340C2F820342046BDE8F081A4F161
:1033100008084FEA880805FA08F529460B4802FA1A
:1033200008F205F042FA7278294602F003020848D2
:1033300002FA08F2CEE700BF00C0035000C40350F9
:1033400008C4035000E0035000D0035004C40350ED
:103350000CC4035038B505460C4C0140D4F8303449
:1033600023EA0003C4F83034D4F830341943C4F8E5
:103370003014D4F82C340343C4F82C34012004F561
:103380000054FFF729FFC4F8205438BD00C0035093
:10339000124B70B5D3F81033064605F02FFA0446E9
:1033A000481C154616D0621C0FD08C420FD1032149
:1033B000304685F00102FFF71FFF012004F11003E2
:1033C00005FA03F19840FFF7C5FF204670BD4FF0A6
:1033D000FF34FAE7631CEAD1F7E700BF00C00350EF
:1033E000054B9A689107FCD45A689207F9D4DA69B8
:1033F000002AF6D1704700BF00C00A5008B506F099
:1034000051FC0222014B1A6108BD00BF00C00A50E6
:1034100008B5FFF7E5FF0122024B03F580514A6032
:103420001A6108BD00C00A5008B5044B596801294B
:1034300003D1FFF7E3FF024B596008BD00C00A50FB
:1034400000E00A5010B5064CFFF7CAFF6368012B75
:1034500003D1FFF7E9FFFFF7C3FF0378E36010BD77
:1034600000C00A50B8B94A680B7812B1127843EA22
:10347000C2034A7843EA42038A6812B1127843EAE7
:1034800082138A7843EA8203CA6812B1127843EA47
:103490004223014A9364704700C00A5088B1006813
:1034A000C0F38212022A0CD8920041B1064B134499
:1034B000012200F03F0082401A6000207047034B59
:1034C000F5E70E20704700BF6490005064A00050E4
:1034D00070B589488AB005F0C5F90646002840F065
:1034E000F7806C46854D0FCD0FC42B682360FF23FA
:1034F0008DF80130824BD3F84C21510300F1EF805D
:10350000D3F850318DF801609DF801306C46FF2BE7
:1035100008BF2A2368467B4D8DF80130FEF752FE26
:103520003220FEF78DFE0FCD0FC40FCD0FC495E8EE
:10353000030084E80300724BD3F84C21120340F1DE
:10354000CA80A3F5FE431C88B4F5807F28BF65249C
:103550008DF81940FEF730FE044484F308046A48ED
:103560008DF81840FDF716F86846FEF761FD322029
:10357000FEF76CFE6548FEF765FF6548654CFEF793
:10358000D1FF01213620FEF7C1FA0020FEF764FECC
:10359000FEF70EFF236F002023F0070343F0030321
:1035A0002367FEF72FFF236F5B4923F474432367E0
:1035B000D1F8FC2012F080721EBFD1F8FC3023F04D
:1035C0008073C1F8FC30D4F8803023F0030343F05B
:1035D0000103C4F88030D4F88030C4F8803032B1B0
:1035E0004D4AD2F8FC3043F08073C2F8FC30494CAD
:1035F000D4F8203123F0070343F00203C4F820314C
:10360000D4F8283123F0070343F00203C4F828312B
:10361000D4F8803123F0030343F00103C4F8803170
:10362000D4F8403123F0030343F00203C4F84031DF
:10363000D4F8603123F0030343F00203C4F860318F
:10364000D4F8403223F0030343F00203C4F84032BD
:10365000D4F8003223F0070343F00203C4F8003229
:10366000D4F8083223F0070343F00203C4F8083209
:10367000D4F8503223F0030343F00203C4F850326D
:10368000D4F8703223F0030343F00103C4F870321E
:10369000D4F8203223F0070343F00103C4F82032AA
:1036A000FEF7AEFC4FF0E022136943F00403136110
:1036B000D4F8603223F0070343F00103C4F860320A
:1036C000D4F8943223F0070343F00103C4F8943292
:1036D00030460AB070BDD3F85041E4B238E74FF03D
:1036E0007E6393F89C2093F99C30002BFFF60CAF7F
:1036F0008DF8012008E700BFC0C3000870C30008B0
:103700000080E00F84C30008C017530200B4C40453
:10371000C0EA21010080005000ED00E007B5094B30
:1037200018689A889B7900906846ADF804208DF857
:103730000630FFF71FF80C20FFF754F8002003B005
:103740005DF804FBACC3000813B50024064A6846C4
:10375000536F43F00103536700948DF80440FEF764
:1037600051FF204602B010BD004000500028ACBF01
:1037700000F16040064B4FEA0111C9B2ABBF00F542
:10378000614000F00F0080F800131954704700BF2B
:1037900014ED00E008B507F03FFF0A4B1A786AB94C
:1037A00001221A7007F033FF6FF004021046052162
:1037B0000132FFF7DBFF5D2AF8D108BDBDE8084004
:1037C00007F025BF4B24002000280CDB012206490E
:1037D000430900F01F008240203341F82320BFF34B
:1037E0004F8FBFF36F8F704700E100E0002807DBC9
:1037F00001234109034A00F01F00834042F82130B1
:10380000704700BF00E100E0054B421153F8223041
:1038100000F01F0023FA00F0C04300F001007047E1
:1038200000E100E0002808DB01224309034900F021
:103830001F008240603341F82320704700E100E020
:1038400073B507F0E0FE0D4D0D4B2E781C6807F0A8
:10385000D5FE07F0AAFF38B1FF2E05D00020297849
:1038600001AA04F070FD019C2CB907F0CCFE054BB9
:103870001C6807F0C3FE204602B070BDD95400207A
:10388000001300200413002010B5044607F0BBFE0F
:10389000024B1C6007F0B2FE002010BD0413002094
:1038A0002DE9F04F1D4692F80F80136893B08146C2
:1038B0008A4614461F680AAEB8F1000F00F0E68091
:1038C000DFF8F4C1BCE80F000FC69CE80F0086E8E3
:1038D0000F0004AB18221846002105F05DFEA26817
:1038E00003460C92227B012A00F0D380022A0CBFEF
:1038F0004FF440720022ADF83620627B1193032A08
:103900008CBF4FF480526649A37B98BF31F81220D8
:10391000C8F10208ADF838205A1E022A88BF0023D9
:103920008DF810305FFA88F3CDE902335D4B4FF02C
:10393000010B0193002352460093294648465A4BF7
:103940008DF816B000F086F90646002840F09A80FF
:1039500023695648C5F82031237E85F82731E37D59
:1039600085F82631A37D85F82531637D85F82431DE
:10397000A37E85F82931637E85F82831237F85F879
:103980002B31E37E85F82A312368C5F81C3104F019
:1039900069FF5B460422A17D607DFFF797FA5B46D5
:1039A000217E0222E07DFFF791FA85F82C612069E3
:1039B00004F058FFE37B38460AA9002B6CD004F0D2
:1039C0008DFE95F82C3143F0040385F82C31142139
:1039D000227D374B03EB4210C0F8941494F816C0C4
:1039E000617D253241EA0C41C0F8AC14207EE17DB6
:1039F00003EB421341EA00415960A37B03F0FD034E
:103A0000012B0BD195F82C31022243F0010385F8EC
:103A10002C31A17E0023607EFFF758FAA37B023B86
:103A2000012B0BD895F82C31042243F0020385F8C2
:103A30002C31217F0023E07EFFF748FA95F82C31E6
:103A4000DB0717D5A17E627E237D42EA014241F267
:103A50009C415B0103F1A04303F570335A5041F2DE
:103A6000944202219950217FE27E03F5A55342EA58
:103A700001421A600F4A07F5005305213846DA64FF
:103A800004F018FE304613B0BDE8F08FDFF82CC00C
:103A900018E74FF400722EE704F024FE97E700BF0A
:103AA00038C40008E988000865890008C4C3000814
:103AB00000C00350FF3F0D0340C4000860C400086D
:103AC0003021037A02464B4303F1A04303F58023E0
:103AD000D86E07491B6F884208D113F0020006D048
:103AE0005069536B1B1A5842584170470020704769
:103AF0004C2400207FB504460D4690F84F6006F038
:103B0000DFFA022817D1D5B1AEB9114B6846CDE91D
:103B1000003604F1A80302932023039306F0B0FBC0
:103B2000C4F8A400204604F04BFF20B90121D4F8CA
:103B3000A40006F0C3FB84F84F5004B070BD002E03
:103B4000F9D0D4F8A40006F053FCC4F8A450F2E76E
:103B500080C4000810222DE9F04188B004460021FD
:103B60000DEB020005F018FD4FF44473ADF8123070
:103B7000344B207ACDE90533FDF750F92046FFF7A5
:103B80009FFF0546207A25B1FDF768F908B0BDE82A
:103B9000F0810DF10B0106F035F89DF80B70002F48
:103BA00048D1204604F0F0FE03A90646207A06F02C
:103BB0004BF8039B3946013B9DB204F10C031022E4
:103BC00018461F46D4F8048005F0E6FCE2681E4B58
:103BD000C5F30A05134030222D0145F040751D4301
:103BE000237AC4E90358534303F1A043666103F504
:103BF00080231A6F217E520862F341012176196FEA
:103C0000227E27F0030761F3000222761B6FA26970
:103C10009B0863F39F0247F00207A261079723689E
:103C20000A4904AA0B600094094B207AFDF7D0F8EA
:103C3000207AA9E79DF81C3065F341038DF81C300C
:103C4000EDE700BF4C2400200F80FFFC081300208C
:103C5000618A00082DE9F0410C46164605468EB0F3
:103C60004FF48E72002120461F4605F095FC96E821
:103C70000300F3683269E362C4E90C23327D84E80F
:103C8000030084F84420B27DA364012384F84C30FF
:103C900084F84D30149B84F84520E363159BA7639B
:103CA0002364337A84F84E30394B2C606B60394B87
:103CB000AB60394B2B61394B6B61394BEB60FDF7D6
:103CC00053F838B1374B984204D0102738460EB01D
:103CD000BDE8F081002104F10800FCF7CDFF0746A4
:103CE0000028F2D1304B4FF00108AB612F4BEB6154
:103CF0002F4B84F84F80CDE9063004F1540308932C
:103D0000502306A8099306F08FFB2A4B2065CDE9C6
:103D1000063706A804F1CC03089306F085FB264B72
:103D2000C4F8C800CDE90A3704F1A8030C93202396
:103D30000AA80D9306F0A4FAC4F8A400CDE903770D
:103D40000297236BCDE900836368E26A2168207AD9
:103D500004F093FB07460028B7D13022237A4FF4B2
:103D60008011534342F2640203F1A04303F5802320
:103D7000995096F90800FFF755FD96F90800FFF7EE
:103D800035FD2846FFF780FD2046FFF7E3FE9DE75F
:103D9000B18C0008838A0008778900087D890008B3
:103DA000DD890008038000F0F53A000883890008E7
:103DB00097C40008A1C4000880C4000873B500249B
:103DC000684600F0BBF90C4B00981C600B4B0C4D87
:103DD0001C600C4E0C4B306018602C6005F01CF819
:103DE0002046019B3268013BDB0853802B6801337E
:103DF0002B6002B070BD00BF1C1300201813002000
:103E00002013002028130020241300202DE9F04F58
:103E10000E460027984689B0054606A81446059721
:103E200000F08CF9731C14BFB3464FF0080BB8F1C7
:103E3000000F00F0BC80C8F80070002D00F0B980C1
:103E4000079BAB4240F2B58007F0E6FB073505ABB8
:103E500025F007053146009381463B462246284619
:103E600000F076F9059E074606B130B9484607F0DE
:103E7000CEFB192009B0BDE8F08FDFF84CA17388A4
:103E8000DAF80010DA00C0EBC3030139272BCAF8B7
:103E9000001074D9002C50D1854205F1080347D099
:103EA00059463046029304F06FFF0446029B05908A
:103EB000059A02EB030B584604F0AEFF059905F195
:103EC0000F034A88C3F3CF03D21AABF80220CA8883
:103ED000ABF8043072B3D31A9BB201EBC202ABF859
:103EE000063093808B88ED08A380BBF80430002255
:103EF000314658466580E38000F09CF9237843F012
:103F000001032370DAF800300133CAF800302C4A7C
:103F10004846136808343B4413602A4A11688B42B0
:103F200088BF136007F073FB0020C8F80040A1E7CA
:103F30003446BDE7ABF80620D4E7F41820460293D8
:103F4000039204F069FF029BF91DC908059861807E
:103F5000D91DC908A180C18879B1C900039ACD1DB6
:103F6000AA1A3A44C2F3CF020144E2808A80013B9C
:103F7000DB084380A388C380C0E7E180F7E7012C1A
:103F800019D106F10803B3FBFBF20BFB1233A3B10B
:103F90005946304604F0F8FE04462378012243F0E7
:103FA000010331462046237000F044F9AFE7222098
:103FB00060E721205EE78542EAD13446EDE700BFA5
:103FC0001C13002018130020201300202DE9F347B4
:103FD0000446684600F0B2F8002C00F0A48007F018
:103FE0001BFB14F8087CFB0702D534F8065C2DB9DE
:103FF00007F00DFB012002B0BDE8F0874B4ADFF867
:1040000038E11368DEF80080A3EBC503136034F8D1
:10401000042C691C08F10103A4F1080689B2CEF84A
:104020000030002A77D0A6EBC20393F800A0B3F8C3
:1040300006901AF0010FB3F802C007F002075ED134
:10404000002F5DD1A9EB0C02012A64D8AA1C94446C
:104050001FFA8CF1CEF8008034F802CCBCF1000FCE
:104060005DD0DDE9007206EBCC081744B84556D2A6
:1040700016F83C60424616F0010615D1ACEB05057A
:10408000012D11D8B8F80250A8F802600135294472
:10409000B8F8065089B2002D3FD008EBC502DEF813
:1040A0000050013DCEF8005014F8085C013925F0AD
:1040B000010504F8085C002524F8065C598019788D
:1040C00065F30001197062B3C3F107011144C1F334
:1040D000CF01D980918016490A681AB19A4201D855
:1040E000528802B90B6013490A681AB19A4201D387
:1040F000528802B90B6007F08AFA00207BE757B1BB
:104100000A4491B214F8082C22F0020204F8082C98
:1041100000229A80A0E733469EE72A46BFE70022A6
:10412000C2E7DA80D7E7222065E700BF1C13002032
:104130002813002024130020201300200249034AE2
:104140000160521A42607047F054002000000820BD
:10415000F0B506460020059F4C1C08BF08213860BA
:10416000BAB91F480568002D38D0B5F802E0DB0069
:1041700003EBCE0EC1F1000C2878C0070BD52ABB8B
:10418000E888B0B105EBC005B5F802E003EBCE0E50
:10419000F2E71448E6E7B645F1D35AB905F1080449
:1041A000B4FBF1F001FB1044A0190CB17045E7D845
:1041B0003D60F0BD08290FD06C88013405EBC404C4
:1041C000A01B00EA0C00201A8645F1D2A88800281E
:1041D000EFD0A5EBC005D7E73046E9E72846E8E78A
:1041E0002813002024130020104B13B51B6804462D
:1041F0000846C3B121B96846FFF7A0FF4CB9009843
:104200000378DB0710D53CB9C38863B100EBC3006A
:10421000F6E7074B1868F3E7012C04D1838813B144
:10422000A0EBC300ECE7002002B010BD201300207B
:1042300024130020F8B5134F04460D463B68124E78
:104240008AB1994200D021B921460020FFF7CCFF66
:1042500038603368AB4200D025B921460120FFF712
:10426000C3FF3060F8BD994205D13C603368AB4272
:1042700004D13460F6E79842F7D3F7E7A342F8D3C6
:10428000F0E700BF281300202413002070B507F0CA
:10429000C3F9144E05463478FCB9134B1C60134B1C
:1042A0001C60134B1C6000F02BF8012007F02DFA66
:1042B00005F08AFE0F4B0246186020B9284607F029
:1042C000A6F9232070BD234640F2E7310A4803F0E7
:1042D00075F90A4B186001233370284607F097F9E7
:1042E0000020EFE74F24002034130020301300207B
:1042F0003C1300203813002018FCFFFF2C13002073
:1043000010B50123002486B01648CDE903448DF88A
:104310000440ADF808308DF80A40059404F0A2FA84
:10432000BFF34F8F01A8FFF78DF8204602A98DF843
:104330000840FFF797F820460F2105F0C3FC0F2136
:10434000204605F0C5FCFFF763F805F0ABFC064B13
:1043500053209C61FFF766FA5320FFF747FA06B037
:1043600010BD00BFC0C3000800C00A5010B504460D
:1043700005F0B6FB0C4BA0F57A729A4212D84FF4B6
:104380007A73B0FBF3F05C43084BB3FBF0F3B4FB80
:10439000F3F0022806D9BDE810400323B0FBF3F088
:1043A000FBF70EBF10BD00BFFFC99A3B40420F0094
:1043B000002307B50193054B1B6807F03AFB019BEF
:1043C000002BFCD003B05DF804FB00BF2C54002090
:1043D000002373B5019300F083FA012000F0F8F890
:1043E000134C144E206803F0E2FF00F017F9054665
:1043F00020B94FF47A7005F02BFFF3E70146402215
:10440000306801AB04F04DFA0028F2D1206803F0C7
:10441000D1FF606803F0CBFF2846019900F008F94E
:1044200010B1206803F0C3FF606803F0C3FFD9E751
:10443000485400204454002008B5044B0146186835
:1044400004F047FAB0FA80F0400908BD4454002057
:104450000021024A024805F081BE00BFDCC9000805
:10446000D1430008064B1B681A7A022A01D81AB9F0
:104470007047032A00D070471B68024A13607047D8
:1044800030540020E81E002030B5184D8FB006AC27
:104490000FCD0FC495E80F0084E80F000E22002115
:1044A0000DF10A0005F078F84FF47022104B6946C0
:1044B000CDE9002314238DF8083015238DF8093039
:1044C0000C4B06AA03934FF40063049301230A489C
:1044D0008DF81530094BFFF7E3F904460021084831
:1044E00003F004FF20460FB030BD00BF00CA000833
:1044F0003C00015BF02400201C200020EC1E00206A
:104500007C312500014804F035BA00BF1C20002092
:1045100008B5044803F048FFBDE80840024803F02E
:1045200043BF00BF38CA000820CA0008024B034935
:104530001868FCF783BD00BF705400205054002061
:104540002DE9F0418846144630B971B341F20403B5
:104550009A4203D9BDE8F0810024A046AA22194D51
:1045600008262A70184A194F127868606A7004F198
:104570000A026A804FF6FF723A8015F8012B3988DB
:10458000104604F0A5FC38801046FFF755FF013EA9
:10459000F3D1B44239880AD8C8B2FFF74DFF388842
:1045A000000AFFF749FF0120D4E70C46D6E718F8C8
:1045B00006200136104604F08BFC38801046FFF7C9
:1045C0003BFFE6E7F12C0020FF3C0020D454002004
:1045D00038B500240D4B05461C800D4B1C7005F0B2
:1045E000B7FD4FF4FA634FF47A724343B3FBF2F32F
:1045F000084A136045B1084B22461C7021462046EC
:10460000BDE83840FFF79CBF012038BD3A240020A8
:10461000F02C0020C0200020FF3C0020024B03486B
:104620001B881844704700BF3A240020F12C00205A
:104630002DE9F74F06460024DFF8D081DFF8D0914E
:104640004718BE4203D1204603B0BDE8F08F07F003
:104650008CF8D8F80030C01AD9F80030984202D946
:104660000020FFF7B5FF07F080F8DFF8A8A1C8F831
:1046700000009AF8003016F8010B032BE1D8DFE8B0
:1046800003F00211324BAA28DBD15A4B5A4D19883C
:10469000012268544FF2505058498AF8002008808F
:1046A0001A80CEE7DFF84CB1544BBBF80020524DD6
:1046B0001988A85404F00CFC013292B24F4B0B2A1B
:1046C0001880ABF80020BCD941F20E026B889342EF
:1046D00003D90020FFF77CFFB3E70E2B1AD9022382
:1046E0008AF80030ADE7DFF80CB1444BBBF800208E
:1046F000414D1988A85404F0EBFB01323F4B92B2B4
:104700001880ABF800206B88023B9A4299D30022B4
:104710003B4B1A800323E3E7394BDFF8D8B01A8804
:10472000000240EA12201880BBF80030324D0133FD
:104730009BB2ABF800306A889A4282D82F4B1B8814
:104740008342C6D12F4B6A781A7000238AF8003052
:104750000193ADF80230AB88102B0CD8102B0CD87D
:10476000DFE803F010151B212533390B0B0B0B0B66
:104770000B0B0B0B3F00FF2B38D000226FF00F000C
:1047800011461BE004F0DAFBBDF8022015E00DF144
:10479000020101A800F0BEF8F6E70DF1020101A840
:1047A00000F0D2F8F0E7E88804F0CDFBECE701AACE
:1047B000A968E88800F0F6F8EA880199FFF7C0FEDA
:1047C00000230446ABF800303BE70F4AA968E888AD
:1047D00004F0C1FBD8E70C4AA968E88800F0F6F8B5
:1047E000D2E7A968E88804F0D5FBCDE704F0D5FB53
:1047F000CAE700BF3A240020F12C0020D454002046
:1048000038240020FF3C0020FD2C0020C420002084
:10481000C0200020F02C00202DE9F04F144600238A
:10482000E20748BF4AF64F3285B0ADF80E3048BFB8
:104830002A4BC1F30B0580460E4648BF1A8015B1BE
:10484000A30719D500254AF6493BDFF890A0B542E9
:104850000AD314F0020010D04AF645331F49D22083
:104860000B8000F097FA08E0BAF800204AF64F33C0
:104870005A4505D09A4229D0012005B0BDE8F08FF5
:104880004927D42008EB0501AAF8003000F082FA8D
:104890000028F2D106F069FF814647F42B47D1206A
:1048A0000DF10E0100F076FA0028E6D1BDF80E30C9
:1048B000BB4210D006F059FFA0EB0903019305F0AD
:1048C00047FC019B8342EAD90720D6E74AF64933E1
:1048D0004F27D520D6E705F58055B8E73C240020C2
:1048E0001FB50B4A01AB07CA83E80700184600F062
:1048F00055F9044648B901F0E9F8044628B904F02E
:10490000F6FA044608B904F04EFB204604B010BD88
:1049100050CA0008002208B50A4B1A705A700E22BD
:104920009A701022DA70036004230B8000F0C6FA3C
:1049300038B104F0DCFA00F0C1FA003818BF0120E9
:10494000404208BD003D0020F0B587B06C46134DD5
:1049500007460E460FCD0FC495E803000222104B08
:1049600084E803001A7000225A709A70DA703B6073
:10497000042333800DEB03042246042154F8040C75
:1049800004F098FB18B14FF0FF3007B0F0BD4FF4C2
:10499000FA70083405F05CFCEEE700BF5CCA000862
:1049A000003D002038B5034614469A07084602D059
:1049B0004FF0FF3038BD044D19462A4604F0A4FAE2
:1049C0000028F5D12560F5E7003D0020CBB2013B82
:1049D000F7B505460E461446042B7FD8DFE803F0F2
:1049E000037E626466000023D12001A9ADF8043083
:1049F00000F0D0F9002851D1BDF80430002B4DD083
:104A000003F47F42B2F52B4F48D1DBB2112B68D1B2
:104A1000F3053FD404F0EBFC49F640470646304628
:104A200004F0E7FCB84239D801A801F01DFB552875
:104A3000F5D05828F3D088BBADF8020002212A48EF
:104A40000DF1020204F060FA40BB0226264831460E
:104A50000DEB0602ADF8026004F02CFBF0B9ADF8E6
:104A60000200314620480DEB060204F04DFAA8B9C9
:104A7000BDF80230B34211D1422001F01DFB68B9EC
:104A8000012229462046FFF7C7FE003818BF012043
:104A9000404205E001F0C2FB0028BBD04FF0FF30E0
:104AA00003B0F0BD0022ECE70222EAE70023D120A8
:104AB00001A9ADF8043000F06DF960B94AF6493249
:104AC000BDF80430934206D04AF64F32934202D0EA
:104AD000DBB2532BE4D06FF00400E1E76FF001008C
:104AE000DEE76FF00600DBE74C620500024B1B6857
:104AF00003B11847704700BFC8200020014B186859
:104B000005F0E2BDD8200020F7B5164C0E1E14BFEC
:104B100031462146171E14BF3A4622460F2B1D462A
:104B2000D0F804C018DD089C0094FCF76FFC0E4818
:104B300015E0DCF818305806FBD50B78CCF83C3083
:104B4000DCF818309B06FBD5DCF82430137006B176
:104B5000013107B10132013D002DEADC002003B034
:104B6000F0BD00BF0E4D0020032000F04FF4807216
:104B7000014B1A67704700BF00D003504FF480729A
:104B8000014B1A67704700BF00E00350024B586F9B
:104B9000C0F38010704700BF00C0035037B50368F2
:104BA000354C364D2360436801216360037A3A2017
:104BB0002372FCF7ABFF286810B905F035FC2860BC
:104BC0002F4D2A6822B91146012005F0EFFC28601C
:104BD0002C4B2D491868FCF73DFC002301220821CD
:104BE0000320FEF773F90023042207210320FEF7B8
:104BF0006DF90023052209210320FEF767F901233F
:104C000004220A210320FEF761F90321272003F083
:104C100035FE03201D49FCF77BF9032200231146D2
:104C20001046FEF753F9237A712B18BF00224FF07C
:104C3000010318BF00924FF0030208BF00930193D5
:104C4000114608BF00231046FEF7E6F800230822AD
:104C500002210320FEF73AF9012307221846082112
:104C6000FEF734F90023072206210120FEF72EF972
:104C7000002003B030BD00BFC8200020D420002099
:104C8000D82000207054002020BCBE00ED4A00084F
:104C9000F7B5164604460D460F4F4FF0FF31386802
:104CA00005F004FC0D4B0E4800932A46334621467E
:104CB0000068FFF729FF0B4B984207D10A4B4FF4CE
:104CC0007A71186805F0CAFC00B100BE386805F0BA
:104CD0001DFC002003B0F0BDD4200020FD4A0008D8
:104CE00070540020032000F0D82000200422024B42
:104CF000C3F8D020704700BF00E003500422024BED
:104D0000C3F8D020704700BF00D003502DE9F04712
:104D1000DFF854904FF0FF310646D9F800001546F1
:104D20001F4605F0C3FB05F0FFF9804605F10C0AAC
:104D3000504602F00DFE044630B1D9F8000005F0EF
:104D4000E5FB5CB919200DE0012005F081FA05F0C2
:104D5000EBF9A0EB0800B842EAD3EEE7002065606B
:104D600020603460BDE8F0878C22002038B504460E
:104D700068B1074D4FF0FF31286805F097FB2046DA
:104D800002F0EEFD2868BDE8384005F0BFBB38BD35
:104D90008C2200200346002030B5D52B85B00C4670
:104DA000ADF804000290ADF80600039008D8D02BAF
:104DB00008D8422B4CD00DD8312B73D0342B47D090
:104DC00005B030BDD13B042B71D8DFE803F00812E9
:104DD000702E1800712BF3D14AF6713364E0022172
:104DE00034480DF1060204F084F9BDF80630238042
:104DF000E6E70A460221304804F05CF9E0E70025C6
:104E00004FF4806105F5A2206219084404F052F9BC
:104E10000028D5D105F58065B5F5805FF0D14AF65B
:104E20004933ADF8043001AAE4E700254FF480616E
:104E300005F5A4206219084404F03CF90028BFD10C
:104E400005F58065B5F5805FF0D14AF64F33E8E7A8
:104E500043F42B430221184802AA029304F02AF9D2
:104E60000028ADD14FF6FE74124D0390039B5A1CDF
:104E7000A34203920DDC022128460DF1060204F044
:104E800038F900289CD14AF63233BDF806209A4200
:104E9000ECD14FF6FE73039898424FF0FF30D8BF25
:104EA00000208DE74AF63133029302AAA2E70020E0
:104EB00086E700BF3C00054134000541002313B5DF
:104EC0000C4ACDE9002304F092FA04460422684615
:104ED0000DEB0201FFF7DCFE9DF80730582B07D0E1
:104EE000204604F086FA0928F0D9582002B010BDF7
:104EF0000020FBE7124A5C0030B585B0042104466F
:104F000000225C2002AB04F0B8F8014668BBBDF893
:104F10000820BDF80A30013A043B22F0030292B2A5
:104F2000ADF80A30012142F210732046ADF8082096
:104F3000FFF7ECFE38B14FF4C4731F4A1F492048F5
:104F400004F02EF800BE002120680DF1060204F0E6
:104F500033F8BDF80A500446BDF8081045B90346B9
:104F60002A465D2004F089F80146084605B030BDA8
:104F7000033121F003015D20039104F03EF8014666
:104F80000028F2D1022203A8FFF782FE0146002882
:104F9000EBD104F054F801460028E6D12A46FFF789
:104FA00077FE01460028E0D1039A2146521B92B2B7
:104FB000FFF76EFED8E700BF74CA0008C7C4000838
:104FC00027C5000807B50D4B01930222694601A8C9
:104FD000FFF75EFE9DF80130522B0BD0002BF4D171
:104FE000022269460DF10600FFF752FE9DF80130DE
:104FF000582BEAD103B05DF804FB00BF124A5C00F5
:105000000022F0B506469BB00846114603F0D4FFD7
:10501000858904460DB145F48035394B2A46197807
:10502000002003F097F9374F1122002101A804F066
:10503000B3FA5022002106A804F0AEFA3B68002B18
:105040005AD0042E52D8DFE806F0100310101300D7
:1050500004F1100101A804F0BFF801AA2946304666
:105060003F682388B847002047E004F11002F5E7C5
:1050700002238DF818306388A12B2AD108230DF163
:105080002C0C8DF8193004F1240E04F1140362463F
:1050900018685968083303C273459446F7D10DF177
:1050A0003C0C04F1340E624618685968083303C298
:1050B00073459446F7D10DF14C0C04F1440E624651
:1050C00018685968083303C273459446F7D106AA95
:1050D000C4E704238DF81930D4F816300893D4F8B7
:1050E0001A300A93D4F81E300993F0E76E23064A6B
:1050F0000649074803F054FF01201BB0F0BD00BF74
:10510000E1540020DC2000208CCA000859C50008AA
:10511000C5C500082DE9F84307460D469046002412
:105120004FF00609124E56F8041BC9B1CB7E434519
:1051300016D12A7C2846042A16BF10224031443159
:1051400004F01AFA60B93946204600F0FBFD60B958
:10515000204600F03DFF40B956F8043CA3F85890B3
:105160000134E4B2142CDED10020BDE8F88300BF86
:10517000F02000207FB54B880546742B0C462FD8B5
:10518000612B10D8B3B9A6890EB146F480363E4BD8
:1051900032461978002003F0DDF822463046E968EF
:1051A00000F0D6F806E0394A623B9BB222FA03F3DC
:1051B000D907E8D401F02CF863880646C32B56D0F3
:1051C000192B10D1062820D009285AD1E379012BB8
:1051D0001BD063B16688A6F1AE035E425E413AE041
:1051E000AB2BE7D1CFE7142B09D12B896BB140F65C
:1051F000283000F089FD288900F0F4F928E0AE2B72
:1052000003D8A02B18D8412BF1D00DF10F01A01C11
:1052100003F0F7FF70B99DF80F301D491D4800934A
:105220001D4A40F20F1303F0BBFE29689DF80F00E2
:10523000FFF7E6FE04B070BD42F20122A3F1A10126
:1052400089B2CA40D207E0D5AA2BD0D0A12BCED0AC
:10525000092EBFD000263146288900F09FFE304637
:1052600000F0DAFE0021304600F030F8CDE7238868
:10527000C3F30B032B2BC8D104F1100003F0E1FFA3
:10528000C3E70028B3D0E5E7E1540020010404009F
:10529000E6C5000853C60008A5CA000810B5094BAA
:1052A00004461B7883420BD906F0B6F90022064B60
:1052B00024B21B6803F83420BDE8104006F0A7B9FB
:1052C00010BD00BF16540020E820002070B5024633
:1052D00006251420074C54F8043B33B1DE7E964279
:1052E00004BF83F8585083F85910431E13F0FF0091
:1052F000F1D170BDF020002013289ABF024B53F863
:1053000020000020704700BFF0200020F0B50546C7
:10531000142400200D4E56F8043B7BB11F68AF42A9
:105320000CD193F858708F4208D0571C02D0DF6818
:10533000974203D193F8AD0128B91846631E13F0C4
:10534000FF04E8D1F0BD1846FCE700BFF0200020C4
:105350002DE9F0431446528880466C2A0D4685B0EC
:1053600014D10023A08D794A04F1100152F8044BA6
:1053700034B1E668022E03D1668C864200F0CC8000
:105380000133142BF2D14FF0FF30DBE0622A28D139
:1053900000273846FFF7B0FF064638B1218A036878
:1053A000994203D190F85830032B03D10137142FC1
:1053B000EFD1C4E04FF48373FFB2A0F85830A18955
:1053C000384600F0BFFC384600F002FE604B1B6818
:1053D000002B00F0B480D4F81220718C306898470C
:1053E000ADE01ABB4FF0FF36218B04F11007574B8D
:1053F000394453F8040B28B1B4F812C0006884454E
:1054000008BF56B20132142AF3D13046FFF774FFB9
:1054100028B9002DB7D0284602F0A2FAB3E7D0F899
:1054200074813B4630466269C04788E0742A49D19E
:10543000484B267C1B78B3423ED9474B1B6803EB95
:10544000C60713F83630002B36D0A389D7F804905E
:105450007B80B9F1000F0FD003AB02AA01A904F1C0
:10546000100003F076FF01A8434603AA02A9C8472B
:105470007878FFF713FF62E0182002F069FA03461C
:10548000786038B940F2A333344A3549354803F0DF
:1054900087FD54E004F1100228341F46106851685B
:1054A000083203C7A2423B46F7D101212E4BB1403F
:1054B000186804F003FF42E040F2AA33274A284963
:1054C0002A48E4E7AB2A3AD10023204A52F8041BC9
:1054D000B9B1207C0968884213D15AB21046FFF74F
:1054E0000BFF002895D090F888315B0744BF00235C
:1054F00080F85E31D0F878310BB31046617C984764
:105500001DE00133DBB2142BE0D14FF0FF32E5E7B1
:10551000284602F025FA14E04FF0FF33D4F88461F6
:10552000C4F884313046FFF7E7FE03F0E6FED4F816
:105530007C3123B13046227904F13C019847002D9B
:10554000E6D1002005B0BDE8F08300BFF0200020C8
:10555000EC20002016540020E8200020C9CA0008D2
:1055600078C6000827C50008E0200020DCC6000837
:1055700042880346612A10B510D007D8422A13D0BA
:10558000432A13D062B14FF0FF3008E06B2A09D0F4
:10559000AB2A07D0622AF6D1008A00E0408A10BD0B
:1055A000807CFCE7187CFAE7808AF8E7008A00280C
:1055B000F5D1D98A064A52F8043B23B15C8C8C425F
:1055C00001D11868EBE701301428F4D1DBE700BF04
:1055D000F0200020024B0146186804F06FBE00BFA7
:1055E000E42000202DE9F04100240546A0460F4E9E
:1055F0000F4F3378A34202D80020BDE8F0813A680B
:10560000E00012F8341002EBC40319B1596819B163
:1056100002F800800134ECE701215D805B7899405D
:10562000044B186804F04AFEF4E700BF165400204B
:10563000E8200020E02000202DE9F04F044695B03E
:105640003022002108A803F0A7FFA37ADB438DF8DE
:105650002630E37A8DF8243094F8323003F00302D8
:10566000012A08BF8DF827201B0744BF03238DF8AC
:105670002530237C03F0F003502B01D0802B5DD12B
:105680002588242D5AD9236A243DCDF84A30A38C8D
:10569000DFF84492DFF844A2DFF844B2ADB2ADF8CF
:1056A0004E3034342778302F62D0DD2F00F0DE808A
:1056B0005FB96678A11C32460AA803F078FF06F1AC
:1056C00050030DEB030606F8287C6378023DED1AC3
:1056D000ADB20233022D1C44E4D8DFF80892D9F8A9
:1056E00000804446A4B9302002F032F90746051D77
:1056F00009AE0FCE0FC50FCE0FC596E8070085E89F
:1057000007003C60B8F1000F1DD1C9F8007015E02A
:10571000062204F12A010DF14A0003F02DFF80B9A1
:105720000AAA083412AD134603CBAB422060616075
:105730001A4604F10804F6D11B88238015B0BDE891
:10574000F08F2468CEE7BA7998F80630934207D9EB
:10575000C7F80080002CD8D02760EFE79846F3E721
:10576000D8F800304446002BF8D1C8F80070E5E7BF
:105770000523B4F808808DF8253004F10A0303EB03
:10578000880633F82830B9F80020059399F80230DC
:1057900059468DF81E30A3794B4802936379ADF8D2
:1057A0001C20019323795246009340F26B1303F0BF
:1057B000F7FB5246594645484FF4B673CDF8008082
:1057C00003F0EEFB032207A9201D03F0D5FE0028FD
:1057D0007FF47BAF02238DF82530059B727906EBB1
:1057E00083018E4216D1012A04BF05238DF825308E
:1057F000810305D582070CBF09230A238DF82530C4
:10580000C3037FF562AF324B03406BBB07238DF8B8
:1058100025305AE7F378B7781B0443EA07633779F2
:10582000134343EA07236FF44067A3F57A233B440D
:10583000082B08D8DFE803F0050907070C0F07124B
:10584000150040F003000436CBE740F00C00FAE707
:1058500040F40030F7E740F48020F4E740F4803073
:10586000F1E740F48010EEE70823D0E7194B07A9D1
:105870001A889B78ADF81C20A01C03228DF81E30DE
:1058800003F07AFE00287FF420AF6379012B7FF4C8
:105890001CAF9DF8253013B1032B7FF416AF012305
:1058A000617B8DF8253004F10E0303EB810233F8A0
:1058B0002130002B3FF409AF02EB83035B78012B0F
:1058C0007FF403AF0423A2E752C7000876C700089D
:1058D0000800040035CB000832CB00081ECB0008BE
:1058E000FEC6000840210020034630B500B900BEC6
:1058F000074A02F13805144603CCAC4218605960DF
:10590000224603F10803F6D12068186030BD00BFBD
:10591000A022002040220021014803F03DBE00BF2C
:10592000A0220020002977D1712821D8672809D822
:1059300014283AD014D803285FD013282ED04FF063
:10594000FF3070476838092800F29880DFE800F0DF
:1059500005962696969696965E485748002170477B
:105960003D28ECD1084640F4003040F00B00704771
:10597000C32831D00AD8A2284AD0C22823D08828E8
:1059800014BF4FF0FF304FF004107047F12841D0A2
:10599000F428D4D1084640F0050070470020DDE728
:1059A0004FF000404FF0FF317047084640F00100D3
:1059B00070474FF000404FF0FF31F7E74FF00040E5
:1059C0004FF0FF31E7E7084640F0080070474FF01E
:1059D00000404FF0FF31F7E7084640F00A007047FB
:1059E0000920BBE7080440F0090041F3C0317047CB
:1059F0004FF000404FF0FF31B5E7084640F48030EB
:105A0000B3E74FF000404FF0FF31F7E72B48A5E731
:105A10002B4870472B487047712832D867280ED81A
:105A20001428C6D028D80328EBD013280BBF4FF07A
:105A300000404FF0FF304FF0FF31002170476838D1
:105A400009281BD801A353F820F000BF755A00089D
:105A50007D5A0008A15900087D5A00087D5A0008A7
:105A60007D5A00087D5A00087D5A0008755A0008C2
:105A7000E5590008144895E73D28B9D04FF0FF30AC
:105A80006CE7C228A3D00BD88828F3D0A22818BF6F
:105A900000210D480CBF4FF0FF314FF0FF30704731
:105AA000F128E7D0F42889D0C328E7D14FF000408F
:105AB0004FF0FF3191E700BF040003000400050030
:105AC000040002000400010004000080F0B52E4C28
:105AD0004FF4A07200212D488BB003F05DFD2068CB
:105AE00010B904F0CDFB2060294C206810B904F0F7
:105AF000C7FB2060274D2C688CB92022214602A8C4
:105B000003F04AFD244B40F26461019330232348A3
:105B1000CDE9061301AA214604F020FB2860204DA0
:105B20002C688CB92022214602A803F035FD1D4BBC
:105B30004FF4C062019331232146CDE906231A4870
:105B400001AA04F00BFB28600026012735460F4C04
:105B5000C4E90055C4E90255C4E90455002004F025
:105B600063FC07FA06F30136052EA061E36104F138
:105B70004004EDD10D4C206810B904F055FC2060B4
:105B800000200BB0F0BD00BF942200204C2100206B
:105B9000902200209C220020A3C70008F96600087C
:105BA00098220020ADC70008756500088C220020EF
:105BB000024B0146186804F081BB00BF942200200C
:105BC0002DE9F74F04460F46914698464FF0000ADC
:105BD00005682DB923685BB3002003B0BDE8F08FE2
:105BE00000222846114603F0E7F9064638B3B8F11B
:105BF000000F04D1D5F800B0AA465D46E9E70C993C
:105C00000068C0470028F5D0D5F800B04B463246B2
:105C100029462046009703F008FC2368AB426368DE
:105C200008BFC4F800B0AB4208BFC4F804A0E3E763
:105C3000044A6560136823EA07031360CCE70E206B
:105C4000CBE700BFF4220020F8B51D4690F83230B3
:105C500016469A0704460F4602D43046FFF786F8E8
:105C6000606B03F0C6FBA36B984211D804F10800E7
:105C7000394600F0EDFA2846FFF79AFF0A4A204617
:105C8000136823EA05031360BDE8F84003F0C5BBC1
:105C90003846FFF76BF894F832309B07EED5304664
:105CA000FFF764F8EAE700BFE42200202DE9F3479C
:105CB000054699460F469046DDF828A005F0ACFC55
:105CC000104B06469D4213D095F8213083B14B46C8
:105CD000424639462846CDF800A003F0D6FB0446DC
:105CE00030B1304605F093FC204602B0BDE8F087A5
:105CF0004B46424639462846CDF800A0FFF760FFE4
:105D00000446EEE70C2200202DE9F341002406466C
:105D10000127A0460A4D032C09D0611D00233246FD
:105D20002846CDF8008007FA01F1FFF7BFFF0134E4
:105D3000052C05F14005EED1002002B0BDE8F08150
:105D40004C21002000232DE9F04F89B00E46CDE90B
:105D50000533FFF7D1FA0446002800F0138105F05F
:105D60005BFC94F8AD310746002B6ED094F8BE3141
:105D7000DA076AD5B4F8BC210196D4F8C81106A890
:105D8000009105A900F084FB054618B1384605F0DE
:105D90003EFC86E0069B9B799B072CD5B4F8AE3180
:105DA0000790432B14BF102218224FF47A7301215D
:105DB00007A8FEF7ABFF38B140F2EB53724A7349C4
:105DC000734803F0EDF800BE00220798114603F077
:105DD000F3F8DDE90632059986811A60497A517235
:105DE000B4F8AE21432A06D1002282811A812368A9
:105DF0000382638CC382D4F8C00103F0FAFAD4F8AA
:105E0000C431984236D8B4F8AE316B2B03BF069B31
:105E100004F5EA70196804F5CA7018BF059900F016
:105E200017FA0120A3689840FFF7D4FB01225949D3
:105E3000A0680B7882401343DBB20B700023C4E9E7
:105E4000703384F8AD31A4F8AE314FF000084FF054
:105E50000109D4F88C5104F5CA7A0595ADB901222F
:105E60004D49A0680B68824023EA0203C4E96355E8
:105E70000B608BE7069B9A79900702D51868FEF7AE
:105E800075FF0598FEF772FFD0E7002228461146FD
:105E900003F092F80346069038B9384605F0B7FB90
:105EA0000E25284609B0BDE8F08F9A790598D107EC
:105EB000056864D51E81C0F80080186803F07DFA7B
:105EC000069B83469A7912F00202039206D1186863
:105ED00020B1FEF74BFF069B039A1A60069B586998
:105EE00003F087FA069B1A69904241D8BBF1430F31
:105EF00028D11868FEF73AFF0023182207930121E2
:105F00004FF47A7307A8FEF701FF38B140F24263FD
:105F10001D4A1E491E4803F043F800BEDDE9063065
:105F20004FF0000B1860A3F808B05A46594603F02A
:105F300043F82368A0F80CB00382638CC3825046F8
:105F400005990DE0BBF16B0FF9D1002218681146DD
:105F500003F032F830B1069B8681196804F5EA70C7
:105F600000F076F9A06809FA00F0FFF733FB74E758
:105F70009A79920702D51868FEF7F8FE0598FEF7A1
:105F8000F5FE6AE701258CE7E4CA0008FEC60008B2
:105F900027C5000819540020F0220020F8B5054656
:105FA0000E460024094F57F8043B23B90134142C42
:105FB000F9D10020F8BDDB7EB342F7D12946E0B22B
:105FC000FFF7C0FE0028F1D0F4E700BFF02000206A
:105FD000F8B5FFF791F90546D0B105F01DFB06466F
:105FE000D5F8CC4174B901220A49A8680B688240EF
:105FF00023EA02033046C5E973440B6005F007FB52
:106000002046F8BD27682046FEF7B0FE3C46E9E78B
:106010000120F6E7EC22002070B505460024094E69
:1060200056F8043B23B90134142CF9D1002070BD7B
:10603000DB7EAB42F7D1E0B2FFF7CAFF0028F2D017
:10604000F5E700BFF020002008B50B4601460548E3
:106050000022006804F094F9C31C012B98BF0020B3
:1060600008BD00BF94220020002313B5044602217E
:10607000104801AAADF8043003F03BF868B99DF868
:106080000530AB2B0FD19DF80430F12B0DD0F22B46
:106090000DD0102B03D10123236002B010BD112BB2
:1060A000FBD10223F8E75520F7E75220F5E753200C
:1060B000F3E700BF3C00054100232DE9F74F0546FB
:1060C0000221504801AAADF80430ADF8063002F0C4
:1060D000F1FF0446B8BB422D2FB21CD0342D1DD089
:1060E00047F42B430221484801AAADF8043002F0DE
:1060F000E1FF044638BB05F0BF03312B2AD003F083
:1061000076F906463F4F304603F073F9B0F5967FB7
:1061100007D35A2417E04AF24203E3E74AF2341362
:10612000E0E7022138460DF1060202F0E2FF002806
:1061300064D1422DBDF8063001D0342D07D14AF686
:1061400032329342DFD1204603B0BDE8F08F45F4F0
:106150002B42F6E703F04BF92646054640F6B738E2
:10616000DFF8A090DFF8A4A0284603F042F94045EC
:10617000CFD8022148460DF1060202F0BAFF0028EE
:10618000F2D1BDF8063003EA0A02B2F5204FEBD196
:10619000DBB2232B2BD17EBB4AF2350302211A48F6
:1061A00001AAADF8043002F085FF38BB4AF6353B52
:1061B000144E284603F01DF9B0F5FA6F0BD20221F8
:1061C00030460DF1060202F094FF0028F1D1BDF82F
:1061D00006305B45EDD147F4204302210A4801AA6D
:1061E000ADF8043002F066FF40B90126BCE7F32B9E
:1061F00006D0AA2BB8D1A6E75624A4E70446A2E706
:106200005724A0E73C0005413400054100F0FFFFA2
:10621000014B1888704700BFD6540020002307B5F3
:1062200004210A4801AA019302F063FF58B9019BB7
:1062300013F4805007D023F480530421034801AAAB
:10624000019302F037FF03B05DF804FB085405002A
:1062500038B504460D4605F0DFF9636873B9236865
:1062600033B140F6EF11064B064A074801F040FBF8
:1062700025606560BDE8384005F0C9B91D60F8E7E4
:10628000B9C7000858CB0008CDC7000838B5044688
:106290000D4605F0C1F9236873B9636833B140F660
:1062A000FE110B4B0B4A0C4801F022FB1B242B6008
:1062B00005F0ADF9204638BD2B60626893424FF07F
:1062C000000216BF1B68C4E9002223600024EFE728
:1062D00022C8000838CB0008CDC70008024B014691
:1062E000186803F0EBBF00BF9022002070B5234D6B
:1062F00004462B7886B0002B32D1204605A903F046
:106300008AF80446002831D102460146059802F079
:1063100053FE01464378068843F0500332464370EB
:10632000103102F025FF38B140F25B63144A154981
:10633000154802F035FE00BE052300221149CDE9C3
:106340000032124840F25F630D4A029602F028FEC6
:106350002B780BB1FEF712FC0598FEF707FD09E05C
:1063600002F035FE0028C8D0072403E02B780BB1DB
:10637000FEF704FC204606B070BD00BF1754002095
:1063800079CB000836C8000899C80008BAC80008C8
:106390002DE9F043394F04463B78884687B0002BFF
:1063A0005ED1204605A903F036F8064600285ED1E6
:1063B00002460146059802F0FFFD32463146054689
:1063C000006802F0F9FD29794378428843EA011315
:1063D000B0F8009006464370C2B1AB79180744BFCD
:1063E000012088F80000D80610D4012084F821008C
:1063F0002868407A84F8241084F832302B6920868B
:10640000A3636B6962846363EB68E3634A46304667
:1064100006F1100102F0ACFE38B140F22363184AD5
:106420001849194802F0BCFD00BECDF808907388E9
:10643000134A01932B7913490093144840F22763C0
:1064400002F0AEFD3B780BB1FEF798FB2868FEF733
:106450008DFC0598FEF78AFCE36A0133E36203E0F2
:1064600002F0B5FD00289CD007B0BDE8F0833B7872
:10647000002BF9D0FEF782FBF6E700BF175400208F
:106480008ECB000836C8000899C80008BAC80008B2
:10649000F7B51D46002304460F4616460193ADF896
:1064A000023018224FF47A73012101A8FEF72EFC66
:1064B00030B1B1230E4A0F490F4802F071FD00BE02
:1064C0000198002138600DF1020202F075FD68B1FB
:1064D000019B5E72089B8571C360BDF82430038107
:1064E000042303712060002003B0F0BD0E20FBE701
:1064F000AFCB000836C8000827C5000870B516469F
:10650000002286B005460846114602F055FD0023DC
:1065100004461A460196009303A904A8FFF7B8FFA2
:1065200070B92288059010324FF47A73012105A8C2
:10653000FEF7ECFB039E024620B13046FEF716FC48
:1065400006B070BD0146059802F036FDDDE9043263
:106550001A6022882146DD60103203F028F83146A7
:10656000034802F053FF0420FFF7B8FEE8E700BF3E
:10657000DC21002000232DE9F743019358484FF018
:10658000FF3300223621006803F0FAFE0446A0071C
:1065900006D5DFF85C81404602F0B7FF002839D10C
:1065A000610705D54F4F384602F0AFFF00285DD197
:1065B000E20605D54C4F384602F0A7FF002872D1FD
:1065C000A306DBD50024494D55F8040BF0B101A911
:1065D00000F5EA7002F01FFF0246B8B955F8043C16
:1065E000D3F874317BB10146019802F0E5FC018BD0
:1065F00055F8043C1031D3F87461426900F110037E
:1066000001442046B0470198FEF7B0FB0134142C3A
:10661000DAD1B3E7404601A902F0FDFE02460028A8
:10662000B9D10146019802F0C7FCDFF8C8900546D1
:10663000D9F800308189ABB18078FFF773F96B88A6
:106640000746AF2B0E4602D12846FEF7F5FF002E77
:1066500008BFB7F1FF3F019A04D038463146D9F858
:10666000003098470198FEF781FB94E7384601A96E
:1066700002F0D1FE0546002895D102460146019858
:1066800002F09AFC2A4606462946006802F094FC6D
:1066900001463046FEF76EFD3068FEF767FB019855
:1066A000FEF764FB7FE7384601A902F0B4FE054619
:1066B000002880D102460146019802F07DFC2A465E
:1066C00006462946006802F077FC01463046FEF790
:1066D00051FD3068FEF74AFB0198FEF747FB6AE779
:1066E00090220020DC2100205C220020F0200020ED
:1066F0009C210020E02200202DE9F04F002699B0D7
:106700003C22314609A807968DF81160ADF8166055
:1067100002F042FF0123A74C84F8203084F8603057
:1067200084F8A03084F8E03084F82031A24B1B6854
:10673000002B37D1A14B1A78A14B1B68934331D161
:10674000A04B1A68A04B1B6893432BD19F4B196831
:10675000003918BF0121750526D4BDF81630D807B9
:1067600024D401399A48FFF76FFCDFF89092064372
:1067700099F80030FBB90DF1160002F011FD002868
:10678000D4D1BDF8162006F4806312F0080F26F469
:10679000806B15D123B999F800300BB1FEF7EEF9F3
:1067A0005E4643E30121D6E70021DBE70A21D9E772
:1067B000012003F04DFD02F00AFC0028F8D1DAE7D1
:1067C000002BEDD008A8FEF797FB0028E8D199F838
:1067D00000300BB1FEF7D2F9002105AA089802F0AB
:1067E000EBFB90F801A00388458887894FEA1A1AC5
:1067F00023F47043CDE90273804640F2D513CDE90E
:1068000000A5744A7449754802F0CAFBBAF1040F36
:106810005E4607D0BAF1050F00F0AC850898FEF788
:10682000A5FA01E398F80130892D03F00F0388F8E9
:10683000013000F2DF81612D00F2E280432D00F291
:106840006781282D00F25481A5F10C0292B21A2A18
:10685000E4D801239340624A1A40002A40F0608144
:10686000604A1A40002A40F08B825F4A1342D5D01A
:10687000638CAB4240F08482152D07D137B909A84B
:10688000FFF732F89DF8243089F8003099F800308D
:106890000BB1FEF773F900238DF8113070E201237C
:1068A000A5F1C90292B29340504A1A40002A40F022
:1068B00037814F4A1A40002A40F0B881CD2DADD122
:1068C000FEF75CF9A36A08980133A362638CAB42BC
:1068D00001BF0023C4E90D3384F821306384FEF73F
:1068E00045FA2020FFF764F99EE2012142F20832C6
:1068F000A5F1BA039BB201FA03F3134240F01081F1
:1069000044F20102134240F03B82BE2D86D1A36EB9
:1069100094F872200133D207A366B4F862303DD5F3
:10692000BE2B7FF47BAF18224FF47A730DEB02007D
:10693000FEF7ECF938B140F22133264A26492D48BA
:1069400002F02EFB00BE00210DF11202069802F0AB
:1069500033FB4FF48273642F08BF00278380E36FFB
:106960000781C36094F87230089A837194F870308C
:106970005372069A537200230360606F02F039FD70
:10698000A36F984200F23C8306991B4802F03EFD3B
:106990004020FFF70DF90023C4E91D33B4F862303D
:1069A000BE2B7FF43BAF002384F86130A4F8623043
:1069B00034E700BF4C210020EC22002019540020B5
:1069C000F0220020E4220020F4220020E82200200F
:1069D0001F7C20009ECB000836C80008FCC80008B9
:1069E000E039020101800004100201004300880028
:1069F0000C00040027C50008942100201754002033
:106A0000A5F16203272B3FF609AF01A252F823F04C
:106A1000C36A0008216B00081D680008216B00088C
:106A20001D6800081D680008216B00081D6800082B
:106A3000436F0008C36A0008C36A0008216B00089E
:106A40002D6C0008216B0008216B0008216B0008E9
:106A5000216B0008216B0008C36A00081D6800084C
:106A6000816D00081D6800081D6800081D68000889
:106A7000216B0008216B0008216B00081D680008CD
:106A80001D6800081D6800081D680008216B0008CB
:106A90001D6800081D6800081D6800081D680008C2
:106AA0001D6800081D6800081D680008C56800080A
:106AB0009C4A1A40002A40F0B980612D7FF4AEAEA6
:106AC0006C254046FEF754FDB8F80230612B04BF38
:106AD0006C23A8F80230B8F80230422B40F03A8319
:106AE00000214FF0FF30B8F91220FEF70FFC3CE315
:106AF0000123A5F1290292B293408B4A1A407AB938
:106B000013F0C06FDDD1894A13423FF487AE8DE0A8
:106B10000123A5F1440292B2934013F4ED6FC7D064
:106B2000A36E0133A366B4F86230AB4204BF002207
:106B300084F86120142D40F0D181142B00F0DC8109
:106B4000002F40F0D28194F87230DB0740F1F181E0
:106B5000B4F86230AB4240F0EC8118224FF47A7303
:106B600001210DEB0200FEF7D1F838B14FF42A7382
:106B70006F4A7049704802F013FA00BE002106986F
:106B80000DF1120202F018FA94F87230804613F0F8
:106B9000020300F0BD81089B03604FF48273A8F8E4
:106BA0000430E36FA8F80870C8F80C3094F872301D
:106BB000069A88F8063094F870305372089A537227
:106BC000606F02F016FCA36F984200F2A68106994E
:106BD0005A4802F01BFC4020FEF7EAFF0023C4E9FC
:106BE0001D33B4F86230AB4240F01E810023A4F89C
:106BF000623019E1C82D00F2A980B92D3FF675AEBB
:106C0000A52D6CD88A2D3FF409AE0123A5F18B0286
:106C100092B293404A4A1A40002A81D1494A1A4006
:106C2000002A40F0AD80A12D7FF4F8AD1822D4F8F1
:106C3000A83001210133C4F8A8300DEB02004FF455
:106C40007A73FEF763F838B140F27633384A39493F
:106C5000394802F0A5F900BE00210DF11202069894
:106C600002F0AAF94FF401728280B4F8A210034630
:106C7000A9420781DDF818C0089805D0A12D40F081
:106C8000C381902940F0C081D4F8BC20DA6094F828
:106C9000B2209A7194F8B020F02D8CF8092042723D
:106CA000186007D0CB2D40F0F7814BF6F1329742B8
:106CB00040F0F281CB2940F0EF81002394F8B2201C
:106CC00084F8A130A4F8A230002A40F0BB810699D4
:106CD0001D4802F09BFB0420FFF700FBA4E0A5F198
:106CE000A7039AB20A2A3FF699AD0A2B3FF696AD52
:106CF00001A252F823F000BFC36A00081D68000813
:106D00001D6800082D6C00082D7300081D68000820
:106D10001D680008216B0008216B0008816D0008C8
:106D20002D6C0008010002006060D200010000012B
:106D30009ECB000836C8000827C500089421002013
:106D40000F40800480002000DC210020E02D7FF631
:106D5000A6ADA5F1E40292B21B2A3FF65FAD012376
:106D60009340AB4A1A40002A7FF4DAAE41F60102A2
:106D700013427FF45BAF44F2200213423FF44EAD66
:106D8000A36A0133A36294F83230D90740F1A2809C
:106D9000638CAB4240F09E8018224FF47A7301213D
:106DA0000DEB0200FDF7B2FF38B140F21623994A0D
:106DB00099499A4802F0F4F800BE002106980DF1B6
:106DC000120202F0F9F894F83230804613F0020310
:106DD00070D0089B03600423A8F80430E36BA8F884
:106DE0000870C8F80C3094F83230089A88F80630E9
:106DF00094F830305372069A5372606B02F0F9FACD
:106E0000A36B98425BD886480699FFF721FA2020A9
:106E1000FEF7CEFE0023C4E90D33638CAB4203D1F1
:106E2000002384F82130638402F0E6F81BF01F0F82
:106E30001BD04FF000094FF001087A4DDFF8E8A1B0
:106E400008FA09F3334209D095F82120002A00F00E
:106E50000083DAF800201343CAF8003009F1010971
:106E6000B9F1050F05F14005EAD16F4B6F4D1A6876
:106E70002B68934300F01B8300274FF00109DFF8D4
:106E8000BCA1DFF8BCB15AF8043B7BB1D3F88C212C
:106E900062B193F8AD3109FA07F2002B00F0F682E7
:106EA0009BF800301343DBB28BF800300137142F0E
:106EB000E9D1F9E203600898FDF758FF8BE70698DF
:106EC000FDF754FF94F832309A07A3D50898FDF7E0
:106ED0004DFF9FE70898FDF749FF9EE7192D04D065
:106EE000C32D02D0AE2D7FF42EAE3A460899E06F46
:106EF000FFF704FB142D08D1002F3FF424AEFEF75A
:106F000009FD002389F800301DE6192DF7D01AE697
:106F100003600898FDF72AFF3FE60698FDF726FF75
:106F200094F8723098077FF559AE0898FDF71EFF68
:106F300054E608993E4802F069FA0220FFF7CEF9BC
:106F40004FE6A36E0133A36694F87230D9074BD590
:106F5000B4F862306A2B47D118224FF47A730121BA
:106F60000DEB0200FDF7D2FE38B140F2EA23294AC8
:106F700029492A4802F014F800BE00210DF112023E
:106F8000069802F019F84FF482738380E36F07814B
:106F9000C36094F87230089A837194F87030537219
:106FA000069A537200230360606F02F022FAA36F07
:106FB000984215D806991F4802F028FA4020FEF79B
:106FC000F7FD00230898C4E91D33FDF7CFFEB4F8A0
:106FD00062306A2B7FF428AF002384F8613006E624
:106FE0000698FDF7C3FEECE717B90122124B1A70A1
:106FF00008990F4802F00AFA0220FFF76FF9E6E756
:107000000698FDF7B3FEC6E40022DA609A7143E603
:1070100040A001089ECB000836C8000827C500081C
:10702000542100204C210020E4220020F0220020E6
:107030009C2100209421002018540020F0200020E2
:10704000195400204FF47A731822012107A8FDF784
:107050005DFE38B14FF46A73AD4AAE49AE4801F0F7
:107060009FFF00BE00220798114601F0A5FF0025F2
:107070004FF6F6730560038194F8B2300799837177
:10708000B4F8B030A5484B7202F0C0F98020FEF78A
:107090008FFDC4E92D55C7E694F8B22012F0010F18
:1070A00047D0A94203D0902943D1A12D41D112F05C
:1070B000020202D11A60FDF759FED4F8B40002F0C2
:1070C00098F9D4F8B830984228D80699934802F035
:1070D0009DF98020FEF76CFD0023C4E92D33B4F840
:1070E000A230AB4204D0A12D2BD1902B7FF49CAECB
:1070F0000023412D84F8A130A4F8A23027D1002F1D
:107100003FF492AEFEF706FC00233A460899D4F805
:10711000BC0089F80030FFF7F1F9D8E50698FDF7D3
:1071200025FE94F8B2309B07D6D50898FDF71EFED1
:10713000D2E706997A4802F069F90420FFF7CEF801
:10714000CDE7412D03D1412B3FF46EAED7E7AA2DF9
:10715000D8D069E66C2B4FF0FF3228D10021FEF722
:10716000D5F8D0F88401FEF7C7F8814620B3742D16
:1071700024D0422D47D0A72D45D000F5C678D8F8A9
:1071800028300133C8F82830D8F83830002B3DD0EB
:10719000D8F8340002F02DF9D8F83830984235D9B3
:1071A0000898FDF7E3FD0023C8E90D333CE6432BC7
:1071B0000CBF0021032198E4742D24D118224FF430
:1071C0007A7301210DEB0200FDF7A0FD38B140F20A
:1071D00011434F4A4F49504801F0E2FE00BE0021E2
:1071E00006980DF1120201F0E7FE40F2044383809D
:1071F000089B0699036000230781C360494802F099
:1072000005F9102068E5DFF82081B8E76B2D17D16C
:10721000B8F822306B2B13D1B9F8BC31089909F5B5
:10722000EA704B72002388F82130A8F8223002F06F
:10723000EDF80120D9F808309840FEF7CBF9F3E5D6
:1072400018224FF47A7301210DEB0200FDF75EFD69
:1072500038B140F239432E4A2E492F4801F0A0FEA2
:1072600000BE00210DF11202069801F0A5FE40F2C9
:10727000044203468280B8F822100781A94214BF55
:107280000022D8F83C20089808BFDA60186008BFD0
:1072900098F83220069F07BF9A7198F83020DA607C
:1072A0009A7142727A7298F83220D70728D5A9428B
:1072B00026D112F0020202D11A60FDF757FD06999D
:1072C00008F1080002F0A2F8174B984511D14FF4CD
:1072D0000070FEF76DFC0023C8E90D33B8F82230CA
:1072E000AB427FF4A1AD002388F82130A8F822300A
:1072F0009AE50120D9F808309840FEF76BF9EAE7E3
:107300000699084802F082F81020FEF7E7FFE5E74B
:107310009ECB000836C8000827C50008D4210020ED
:10732000DC2100205C2200204C22002018224FF497
:107330007A7301210DEB0200FDF7E8FC38B140F251
:107340007F43934A9349944801F02AFE00BE0021EE
:107350000DF11202069801F02FFE40F204410023C5
:107360008180089A069907810260C3608371537215
:107370004B7243E798F8013003F00F0388F80130AF
:10738000002D49D140F21353814A8249834801F0CC
:1073900007FE4046FEF7ECF84FF0FF320321FDF701
:1073A000B5FF054600283FF43FADB0F8BC21089B6F
:1073B00005F5EA775A72D0F8C001D0B9B5F8AE3108
:1073C0006B2B24D195F8AD31CBB195F8BE319B072D
:1073D00015D50023384685F8AD31089902F016F826
:1073E0000120AB689840FEF7F5F80023C5E970333B
:1073F0001AE501F0FEFFD5F8C4319842DED93846CF
:10740000089902F003F82020FEF768FFEDE7B8F8CE
:1074100002209A42F3D1D5E7012D05D128460899DB
:1074200002F078F8FFF7FAB9032D7FF4FDACA36EF4
:1074300008990133A366B4F862305948032B02BFA0
:107440000023C4E91D3384F8613001F0DFFF02201E
:1074500042E4DAF80020DF439DF8110022EA03033A
:10746000CAF8003002F058F800283FF4FEAC284675
:107470000DF11101FEF78CFF2B68002B7FF4EEACB1
:10748000484B3E401A6817401F60E7E49BF8003005
:107490009DF8110023EA02036FEA02088BF800301E
:1074A00002F03AF800285CD12B68002B6DD0300533
:1074B0002FD50123002798463B4D55F8042B12B3D6
:1074C000D2F8CC21FAB19DF8110002F025F800B3F2
:1074D00055F8040C00F5E670FEF708FF30B955F8D2
:1074E000042C92F88931013B82F8893155F8043C2B
:1074F000D3F8CC3133B92D4908FA07F20B6823EAE7
:1075000002030B6000230137142FD6D10BB126F4F0
:107510000066B10414D50DF1160001F041FEBDF86E
:107520001630DA070CD4224D2846FEF7DFFE2B6812
:1075300033B9204A26F40056136823F4005313602D
:10754000B3027FF5F3A81C4B4FF48001186826F4B2
:10755000001602F0B3FE04F028F902F053FEFFF724
:10756000E5B85AF8040C0DF1110100F5C670FEF7EC
:107570000FFF5AF8043CD3F88C31002B7FF496AC03
:107580002B6808EA03032B6090E426F480568EE70C
:107590009ECB000836C8000827C5000851C900085E
:1075A0009C210020F4220020F0200020EC2200206A
:1075B00044210020E82200209422002053B94AB937
:1075C000002908BF00281CBF4FF0FF314FF0FF30EB
:1075D00000F08CB9ADF1080C6DE904CE00F006F8AE
:1075E000DDF804E0DDE9022304B070472DE9F04F37
:1075F000099D0E4604460F46002B47D18A42944609
:10760000B2FA82F35AD943B102FA03FCC3F1200261
:107610009F409C4020FA02F217434FEA1C461FFA93
:107620008CFE220CB7FBF6F106FB117701FB0EF086
:1076300042EA0742904208D91CEB020201F1FF37EF
:1076400002D2904200F23C813946121AA4B2B2FB37
:10765000F6F006FB102200FB0EFE44EA0244A645AB
:1076600008D91CEB040400F1FF3202D2A64500F257
:107670002A81104640EA0140A4EB0E0400211DB10E
:10768000DC400023C5E90043BDE8F08F8B4205D9FB
:107690000DB1C5E9000100210846F5E7B3FA83F111
:1076A00000294FD1B342C0F00281824240F2FF80F4
:1076B0000846002DE8D0C5E90047E5E7002B40F07B
:1076C000AF808A1A4FEA1C4E1FFA8CF70121B2FBD9
:1076D000FEF60EFB1620220C42EA004207FB06F0E3
:1076E00090420FD91CEB020206F1FF382CBF4FF07D
:1076F00001094FF00009904203D9B9F1000F00F0E1
:10770000DC804646121AA4B2B2FBFEF00EFB102239
:1077100000FB07F744EA0244A7420FD91CEB04041C
:1077200000F1FF322CBF4FF0010E4FF0000EA742C8
:1077300003D9BEF1000F00F0C9801046E41B40EAF7
:1077400006409CE7C1F120048B4006FA01FC00FAD8
:1077500001FE22FA04F7E6408A401F4320FA04F3B0
:107760004FEA174843EA0C031FFA87FC4FEA134914
:10777000B6FBF8F008FB106649EA064600FB0CF978
:10778000B1450ED9BE1900F1FF3A2CBF4FF0010BE5
:107790004FF0000BB14503D9BBF1000F00F0A28000
:1077A0005046A6EB09061FFA83F9B6FBF8F308FB6F
:1077B000136603FB0CFC49EA0646B4450ED9BE1914
:1077C00003F1FF382CBF4FF001094FF00009B44519
:1077D00003D9B9F1000F00F08280434643EA00402C
:1077E000A6EB0C06A0FB028C66454346E14602D39D
:1077F00007D1C64505D2B8EB02036CEB070C013884
:10780000E1465DB1BEEB030266EB090606FA04F43D
:1078100022FA01F3CE401C43C5E90046002133E7BC
:1078200002FA03FCC3F1200299409C40D6404FEA83
:107830001C4E20FA02F21FFA8CF7B6FBFEF00A4348
:107840000EFB1066110C41EA064100FB07F68E4262
:107850000ED91CEB010100F1FF382CBF4FF00109DC
:107860004FF000098E4202D9B9F1000F34D04046E2
:10787000891B92B2B1FBFEF60EFB161142EA0142E1
:1078800006FB07F191420ED91CEB020206F1FF380C
:107890002CBF4FF001094FF00009914202D9B9F114
:1078A000000F16D04646521A46EA00410FE7841AE6
:1078B00066EB030201201746FBE6023E624421E725
:1078C00002396244C1E664440238D3E664440238B3
:1078D00034E7023E6244E6E702386144C8E7023B0F
:1078E0003E447BE702383E445BE700BF704700BF81
:1078F0001FB514461A46094B05461B68D8684CB19B
:10790000074B00910749CDE901342B4600F0D4F82C
:1079100001F05AFE044B1C46F3E700BF80540020E0
:1079200066C9000873C9000858C5000808B5064BA9
:10793000044613B10021AFF30080044B1B6803B170
:107940009847204600F0EFFC0000000030240020A3
:10795000024B0146186801F059BA00BF805400205C
:10796000024B0146186801F054BA00BF8054002051
:10797000002310B504468360818119464366C281A5
:1079800008228361C0E90033C0E904335C3001F0B0
:1079900003FE0D4B246263620C4BA3620C4BE3624B
:1079A0000C4B23630C4B9C4206D003F168029442BB
:1079B00002D0D0339C4205D104F15800BDE81040FC
:1079C00001F0F2BD10BD00BF5D9700087F97000871
:1079D000B7970008DB970008F8220020024A034905
:1079E000034801F0ABBD00BF745400200D970008A0
:1079F0008454002041680C4B994210B5044601D0D4
:107A000001F084FEA168094B994202D0204601F0A2
:107A10007DFEE168064B994204D02046BDE8104047
:107A200001F074BE10BD00BFF822002060230020CA
:107A3000C823002010B50B4B04210B4C0B4A2046E9
:107A40001A600022FFF794FF04F168000122092167
:107A5000FFF78EFF04F1D00002221221BDE8104092
:107A6000FFF786BF30240020F8220020DD790008CF
:107A7000014801F09ABD00BF1A540020014801F0EE
:107A800095BD00BF1A54002010B50446FFF7F0FF63
:107A9000236A1BB1BDE81040FFF7F0BF044B23621F
:107AA000044B1B68002BF5D1FFF7C4FFF2E700BFC2
:107AB000F5790008302400200EB403B503AB01466D
:107AC000054853F8042B0068019300F02BF802B02E
:107AD0005DF804EB03B070478054002070B50D4D85
:107AE00000260D4C641BA410A64209D10B4D0026A4
:107AF0000B4C04F0E5FB641BA410A64205D170BD3D
:107B000055F8043B01369847EEE755F8043B01363B
:107B10009847F2E7E4540020E4540020E4540020A5
:107B2000E85400202DE9F04F0D469DB014469846CC
:107B3000064618B1036A0BB9FFF7A6FF6B6ED907AB
:107B400005D4AB899A0502D4A86D01F02EFDAB894E
:107B50001B0701D52B699BB92946304600F09CFADA
:107B600070B16B6EDC0704D54FF0FF301DB0BDE87F
:107B7000F08FAB899805F7D4A86D01F017FDF3E7F6
:107B80000023CDF80C804FF00109DFF8B481099390
:107B900020238DF8293030238DF82A3023469A4649
:107BA00013F8012B0AB1252AF9D1BAEB040B0BD03B
:107BB0005B4622462946304601F024FD013000F0A4
:107BC000A780099A5A4409929AF80030002B00F0D5
:107BD0009F8000234FF0FF320AF1010A04930793BC
:107BE0008DF853301A93CDE90523544605225448A5
:107BF00014F8011B01F0BEFE049AD8B9D10644BFA7
:107C000020238DF85330130744BF2B238DF85330B6
:107C10009AF800302A2B15D0079A544600204FF0CE
:107C20000A0C214611F8013B303B092B4BD9B0B16E
:107C3000079214E0A0EB0803A24609FA03F31343EA
:107C40000493D2E7039B191D1B68002B0391BBBF54
:107C50005B4242F0020207930793B8BF0492237875
:107C60002E2B0AD163782A2B32D1039B02341A1DA2
:107C70001B6843EAE37303920593DFF8D4A0032261
:107C80002178504601F076FE38B1A0EB0A00402280
:107C9000049B013482401343049314F8011B062211
:107CA00028488DF8281001F065FE00283FD0264BAB
:107CB0001BBB039B073323F0070308330393099B84
:107CC0003B4409936AE70CFB02320C460120A8E70B
:107CD000002301344FF00A0C19460593204610F892
:107CE000012B303A092A03D9002BC6D00591C4E7ED
:107CF0000CFB012104460123F0E703AB2A4604A94B
:107D000030460093114BAFF300800746781CD6D164
:107D10006B6ED90705D4AB899A0502D4A86D01F022
:107D200045FCAB895B063FF51FAF09981EE703AB27
:107D30002A4604A930460093044B00F00BF8E4E710
:107D4000A2C90008ACC900080000000005960008A0
:107D5000A8C900082DE9FF470F7E914680460C46D2
:107D6000782F9A460C9E01F1430207D8622F0AD859
:107D7000002F00F0D180582F00F0B88004F14206A7
:107D800084F842703AE0A7F16303152BF6D801A1FD
:107D900051F823F0ED7D0008017E00087D7D00088C
:107DA0007D7D00087D7D00087D7D0008017E000846
:107DB0007D7D00087D7D00087D7D00087D7D0008BB
:107DC000FF7E00082B7E0008B97E00087D7D00083C
:107DD0007D7D0008217F00087D7D00082B7E000846
:107DE0007D7D00087D7D0008C17E000833681A1D76
:107DF0001B68326004F1420684F8423001239CE0A3
:107E000033682068191D3160060601D51D6803E03E
:107E10004506FBD5B3F90050002D03DA2D236D4242
:107E200084F8433058480A2311E021683368080673
:107E300053F8045B02D4490648BFADB26F2F3360DC
:107E4000514814BF0A230823002184F843106668B0
:107E5000002EA66005DB21682E4321F0040121607D
:107E60004BD01646B5FBF3F103FB1157C75D06F87F
:107E7000017D2F460D46BB42F4D9082B0BD1236858
:107E8000DF0708D5236961689942DEBF302306F811
:107E9000013C06F1FF36921B22614B4603AA2146A4
:107EA0004046CDF800A001F0BFFB01304AD14FF0B1
:107EB000FF3004B0BDE8F087236843F0200323605F
:107EC00078273248236884F845701F06316851F8D6
:107ED000045B02D45F0648BFADB23160D90744BF2E
:107EE00043F0200323601DB11023ADE72648E9E7E6
:107EF000236823F020032360F6E71646BDE73368C6
:107F00002568181D616930602E061B6801D519604F
:107F100002E06806FBD51980002316462361BCE702
:107F2000336800211A1D32601E686268304601F015
:107F300021FD08B1801B606063682361002384F821
:107F40004330AAE72369324649464046D0470130CC
:107F5000ADD023689B0713D4E068039B9842B8BF59
:107F60001846A6E70123324649464046D04701302D
:107F70009DD00135E36803995B1AAB42F2DCEBE775
:107F8000002504F11906F5E7B3C90008C4C90008C3
:107F9000B1F90C202DE9F041160705460C4654D4E2
:107FA0004B68002B02DC0B6C002B48DDE66A002ED0
:107FB00045D0002312F480522F68216A2B6030D004
:107FC000626DA389590705D56368D21A636B0BB13B
:107FD000236CD21A0023E66A216A2846B047431C64
:107FE000A38906D129681D292BD82A4ACA40D60759
:107FF00027D50022D90462602269226004D5421C80
:1080000001D12B6803B96065616B2F60B9B104F1D0
:108010004403994202D0284600F0FBFE002363632C
:108020000DE001232846B0470246501CC9D12B68F9
:10803000002BC6D01D2B01D0162B1DD12F60002088
:1080400021E043F040031BB21AE00F69002FF6D085
:1080500093070E680F600CBF4B690023A6EB07085F
:108060008B60B8F1000FEADD43463A46216A2846A4
:10807000A66AB047002808DCB4F90C3043F040038E
:108080004FF0FF30A381BDE8F0810744A8EB000862
:10809000E7E700BF0100402038B5294B05460C46F4
:1080A000186818B1036A0BB9FFF7EEFCB4F90C308D
:1080B000190722D4DA0607D409222A6043F04003C4
:1080C0004FF0FF30A38133E0580712D5616B41B107
:1080D00004F14403994202D0284600F09AFE00239E
:1080E0006363A38923F02403A381002363602369CE
:1080F0002360A38943F00803A38123694BB9A389B3
:1081000003F42073B3F5007F03D02146284601F025
:10811000CBFBB4F90C3013F001020AD00022A260AC
:1081200062695242A261226942B913F08000C5D14E
:1081300038BD990758BF6269A260F4E70020F7E7ED
:108140008054002038B50023054D044608462B60B6
:1081500000F0E6F8431C02D12B6803B1236038BD60
:108160003424002038B50023064D04460846114645
:108170002B6000F0D9F8431C02D12B6803B12360B7
:1081800038BD00BF3424002038B50023054D044617
:1081900008462B6000F0CCF8431C02D12B6803B1D9
:1081A000236038BD3424002038B50446064D084607
:1081B000114600222A601A4600F0BFF8431C02D183
:1081C0002B6803B1236038BD34240020024B0146E4
:1081D000186801F0A5BB00BF8054002038B50446E4
:1081E000064D0846114600222A601A4600F0A7F8FC
:1081F000431C02D12B6803B1236038BD3424002016
:1082000038B50023064D0446084611462B6000F0A1
:1082100091F8431C02D12B6803B1236038BD00BF25
:108220003424002038B50446064D08461146002285
:108230002A601A4600F085F8431C02D12B6803B16E
:10824000236038BD3424002007B5042101220DEB42
:108250000100ADF80420F8F775FA002003B05DF8CE
:1082600004FBFFF7F1BF07B50421012300220DEB4A
:108270000100ADF80430F8F765FA002003B05DF8AE
:1082800004FB70B5002506462C46052C16D8DFE801
:1082900004F0031E0B0D0F115B2108200134F8F7C9
:1082A000EFF9112CF1D170BDD121F6E78021F4E76F
:1082B0000021F2E76B1C2946DDB2EEE7A4F10E03C4
:1082C000012B06D9102C06D0B31F195DE5E70C2150
:1082D000E3E75A21E1E75D21DFE708B5082000F078
:1082E0004CF8BDE80840082000F052B8012307B55B
:1082F00020F07F4040EA8170019068468DF80030A0
:10830000FFF7BFFF03B05DF804FB4FF0E0235869AF
:10831000013070474FF0E02358699B69C01A7047DD
:108320004FF0FF307047FEE7002070470120704794
:10833000012070474FF0FF30704700207047002049
:1083400070470020704710B5144602F087FC20608B
:10835000002010BD08B502F075FC002008BDFEE746
:1083600000239A4200D1704710B550F8234041F8DD
:10837000234001339A42F8D110BD4FF060420123EF
:10838000D2F8001E83400B430020C2F8003E704725
:108390004FF060410122D1F8003E824023EA0203FF
:1083A0000020C1F8003E7047D0E9000318478368F9
:1083B00000681847C3680068184707B503788DF848
:1083C000043043788DF80530837801A823B9F8F795
:1083D0001BFA03B05DF804FBF8F7EAF9F9E707B513
:1083E00003788DF8043043788DF80530837801A840
:1083F00023B9F8F7DDF903B05DF804FBF8F704FAE8
:10840000F9E707B503788DF80430437801A88DF8B3
:108410000530F8F725FA03B05DF804FB13B5044600
:1084200003780DF103018DF80430437801A88DF82D
:108430000530F8F741FAA3789DF803000BB980F0F6
:10844000010002B010BD10B588B00C460E99009224
:1084500007910D99024606919DF8301005910B99F0
:1084600004919DF8281003910021CDE901310846BF
:108470002346F8F745FB08B010BD10B588B0044698
:108480000E98009207900D98224606909DF83000B5
:1084900005900B9804909DF8280003900020CDE9EA
:1084A00001300B460121F8F72BFB08B010BD01B1DC
:1084B00008477047F8F72AB938B5144603F0ACF806
:1084C0000023A36484F84C302364237F0546012BEA
:1084D00003D104F1600001F0B3FC636B1BB1002118
:1084E0002046E26B9847284603F091F8A36D0120DF
:1084F000013BA36538BDF0B50446857A90F808E0E5
:10850000477AC27A90F80CC0467BE37B807B85B0CB
:108510008DF8085084F844200D4684F845308DF8D5
:1085200000E08DF801C08DF804708DF805608DF8BD
:1085300009008DF80C208DF80D30002938D0257FEA
:10854000E5B92A4604216846F8F7FCF82A460121D5
:1085500001A8F8F7F7F8A37F0421012B94BF2A465E
:10856000012202A8F8F7EEF8E37F23B901220421E3
:1085700003A8F8F7E7F8002005B0F0BD00220121BC
:108580006846F8F7DFF8042100220DEB0100F8F748
:10859000D9F8A37F0221012B94BF0022012202A857
:1085A000F8F7D0F8E37F002BE5D101220221DFE7C5
:1085B0000A4668460221F8F7C5F82A46022101A8B2
:1085C000F8F7C0F8A37F0221012B94BF2A460122AD
:1085D00002A8F8F7B7F8E27F002ACCD11146C7E726
:1085E00010B50446002100F065F82046BDE81040B3
:1085F000052100F05FB870B5054614460E4603F03D
:1086000002F82B685C4034405C402C60BDE8704050
:1086100002F0F4BF08B501F075FABDE8084000218A
:10862000F9F748BA0029CCBF01210021F9F742BA75
:1086300002214FF42070F9F74FBE70477047436D29
:108640000B42FCD1704708B54368DA0714D583683C
:10865000DB0702D50369D90707D50A2350218363B5
:10866000FFF7EDFF836C9A07FCD1012200F5005360
:108670005A6043689B07FCD408BD38B50C460121FD
:10868000024600F58053596004F00F0540F6FF7173
:10869000FFF7D5FF78218563FFF7D1FF04F00103D1
:1086A000610748BF43F00203916C01F00301994256
:1086B000FAD138BD09B9FFF7C6BFFFF7DEBF836C3B
:1086C0005B06FCD541647047836C5A06FCD5416457
:1086D000836C1B06FCD5C06B80B2704700231A4622
:1086E000FAF758B9FFF7FABF70B5054614460E46BB
:1086F00002F089FF2B685C4034405C402C60BDE890
:10870000704002F07BBF38B50546144621B94FF4DE
:108710002070F9F711FA014601396400B1FBF4F158
:108720000902E96138BD38B50D46FAF713FD01229B
:1087300000F580535A602B8A826843F0010313438B
:10874000AA7B044643EA8223836083682A7D43EA46
:1087500042738360AB7C13B1E97CFAF7D9FCD5E9AD
:1087600001122B7B204643F48053E360FFF7CBFFDD
:108770006B7B0BB1102363616B7D1BB1A36843F46A
:108780008033A360AB7D1BB1A36843F40043A360B7
:10879000EB7D2A7E1B07120503F0E04302F4E002A2
:1087A0001343A3652B78636138BD70B50546144645
:1087B0000E4602F028FF2B685C4034405C402C6081
:1087C000BDE8704002F01ABF21FA00F2D20730B5BE
:1087D000034600F0FC040FD500220132D2B2042A75
:1087E00002D14FF0FF3008E0831803F00303234465
:1087F00021FA03F5ED07F0D4184630BD03782BB904
:108800004078053818BF4FF0FF307047012B09D171
:108810004378012B19D0032B08BF042018BF4FF059
:10882000FF307047022B07D1437883B1052B10D05E
:10883000072B08BF0820F1E7032B0CD14378022B4C
:108840000CD0052B08BF0A20E8E70320704706205C
:108850007047072070474FF0FF307047092070477E
:1088600000F006B80121FAF719BE0021FAF716BE8A
:1088700000207047FAF72CBEF7F700BEFAF776BF74
:1088800070B50C46154610B9FAF7DAFF38B14368EF
:108890002BB12A462146BDE87040006818472320C6
:1088A00070BDF7B50D4616461C4638B9FAF7C8FF35
:1088B00004B901AC20B9232003B0F0BD03B901AC69
:1088C0008768002FF7D02346324629460068B8470C
:1088D000F2E707B501228DF807100DF10701FFF748
:1088E000CFFF03B05DF804FB38B50446D0F81C3167
:1088F0001D68AB6C5906FCD5002394F825111A4667
:1089000094F82401FAF7E2FA002394F827111A46A2
:1089100094F82601FAF7DAFA94F82C31DA0707D539
:10892000002394F829111A4694F82801FAF7CEFA90
:1089300094F82C319B0707D5002394F82B111A4685
:1089400094F82A01FAF7C2FA042205F5005300212F
:1089500028461A65FFF7AEFED4F82001FFF785FF21
:10896000002038BD08B5D0F81C311868FFF7A7FE05
:10897000002008BD704780F84410704790F844000C
:10898000704790F84F00704713B504460DF107018A
:10899000007A01F037F99DF8073043B1636BD4E9F1
:1089A0000B020244934218BF184602B010BD302299
:1089B000237A534303F1A04303F58023DB6EEEE7F4
:1089C00038B50446007AF8F729FA2046FBF778F81C
:1089D0000546207AF8F742FA284638BD70B50546B4
:1089E000046801F06DFB02280AD14FF0FF31D4F882
:1089F000C80001F05BFD4FF0FF31206D01F056FD26
:108A0000FAF71EFF854202D10020FAF73DFF94F9E4
:108A10004E00FAF707FF94F94E00FAF7D5FE94F8E6
:108A20004F301BB1D4F8A40001F0E2FC206D01F03E
:108A300099FDD4F8C80001F095FD207A01F0C2F844
:108A4000207AF8F76BF9F8F747F900232046C5E9D3
:108A50000033C5E90433AB60236CBDE870401847B0
:108A600092F84F3010B514464BB101F029FB023893
:108A7000012804D80121D4F8A40001F01FFC002033
:108A800010BD2DE9F04F8DB00446924698460891EE
:108A900001F016FB0228054616D14FF0FF31206D7C
:108AA00001F004FD002840F001812046FFF788FF17
:108AB00050B194F84F303BB14FF0FF332A460121BB
:108AC000D4F8A40001F05CFC0023C8F80030D8F80A
:108AD0000050BAEB050600F09E80089B5D1900F07F
:108AE0009A802046FFF76CFF002840F094802046D3
:108AF000FFF74AFF616B88429CBFD4E90B03C018A3
:108B0000401A94F84530864228BF0646002B40F0B4
:108B100095803246284600F04AFDB14623E0616B5D
:108B20000B7803F0FD00112840F08580A06C814295
:108B300005D1A3F111014B424B4184F84C3009F1AE
:108B4000FF39636BA16C01328B4203F1010308BF53
:108B5000A36463639642E2D1D4E90B23A16C13446E
:108B6000994200D1A264207AF8F758F90DF12F014B
:108B7000207A01F047F82046FFF706FF636B834633
:108B8000984266D9E26AB5B293425AD1099304F188
:108B90001C076368102238460021079300F0FCFC94
:108BA0003022079B013D2362099BC5F30A056362DE
:108BB000237A2D01534327F0030703F1A04345F027
:108BC000407547F0020703F58023E5611F67636B7B
:108BD000D4E90B1233440A44934208BF0B469B4529
:108BE00063630AD194F84F3023B10121D4F8A40073
:108BF00001F098FB2046FAF7ADFF207AF8F72EF93E
:108C0000B9F1000F07D0D8F800304B445345C8F8ED
:108C10000030FFF45CAF01F053FA022802D1206D5E
:108C200001F074FCD8F80030002B14BF00201B208A
:108C30000DB0BDE8F08F05F8013B82E7B146002298
:108C400088E7A38BC3F30A12154465F30E13A383BD
:108C5000BDE79DF82F30207A83B93023584300F1C7
:108C6000A04000F58020426E436EC2F30A123244E7
:108C70006FF30E1343EA02134366A8E70023CDE91E
:108C80000333CDE90163012300935A4663682168E9
:108C9000FFF7F3FB3022237A534303F1A04303F59C
:108CA00080235A6E22F480125A6690E72846BFE766
:108CB0002DE9F04104460D46164601F001FA02285E
:108CC00007464BD094F844802E44B5423FD094F8E8
:108CD00045303BB302F0A0FC07462046FFF770FE8C
:108CE000E8B92046FFF750FEE16A0138884238BFF4
:108CF000206BD4F848C03CBF00F1FF304018034659
:108D000063450BD013F80129112A01D0132A2FD162
:108D1000A2F111035A425A4184F84C20A06438460B
:108D200002F075FC94F84C30002BCED0B8F1000F57
:108D300006D02B780A2B03D10D212046A36B984730
:108D40002046A36B15F8011B98470028BDD001F001
:108D5000B7F9022813D00020BDE8F0814FF0FF31B1
:108D6000D4F8C80001F0A2FB0028ABD03846F3E7E6
:108D7000994282BF236B03F1FF335B18C0E7D4F83D
:108D8000C80001F0C3FBE6E770B504464518073597
:108D900049420D40A5F10806304600F03DF8A18893
:108DA000331BC3F3CF036288194489B2D21A25F862
:108DB000041C25F8062CA28882B1A4EBC202D18043
:108DC000518819445180E2887AB1D31A9BB204EBDE
:108DD000C20425F8023CA380304670BD15F8082C6B
:108DE00042F0020205F8082CEDE725F8022CF3E723
:108DF00007B500224FF0FF3101AB0192FBF706F8F7
:108E0000019803B05DF804FBFBF7E0B80846FFF7F4
:108E1000EFBF0846FFF7F8BF00230380438083803D
:108E2000C380704708B500F00EF800F023F800F09A
:108E300039F800F02EF8BDE8084000F02BB800F03B
:108E400017B8FFF710BA08B5FAF7A4FCF7F74EFA0F
:108E5000FFF710FDFAF762FCFFF702FDFAF774FC6A
:108E6000FAF7ACFFF7F736FABDE8084001F00EB9A3
:108E700001F036B908B5F7F79DFBF7F747FCFFF7A8
:108E800019FBFBF745FBFBF751FBBDE80840FFF77B
:108E900024BA7047704708B500F00DF8BDE80840E7
:108EA000FBF7E0BA08B5FFF7DCF9FBF7EFF9BDE82F
:108EB0000840FFF7F0BFFBF7E7BAFBF723BB08B5A5
:108EC000FFF7B0FFFBF7C4FAFFF7B9FF002008BDBA
:108ED00049BA89B24840C0F3031343401BB283EA46
:108EE0000333580100F4FF509BB25840704708B557
:108EF000FBF7FCFE642000F087FAFBF7FFFE64201E
:108F000000F082FA002008BDF8B505460C4616466A
:108F10000CB92046F8BDB4F5806F274628BF4FF442
:108F2000806732463946284600F0E3F820B9E41B52
:108F30003D443E44A4B2EBE70120EBE708B5FFF760
:108F40009BFC002008BD08B5FFF7D1FF003818BF13
:108F50000120404208BDF8B5830704460D46164679
:108F600012D04FF0FF3012E0B4F5806F274628BFD3
:108F70004FF4806732463946284600F09BF838B9EE
:108F8000E41B3D443E44A4B2002CEDD16042F8BD48
:108F90000124FBE76FF0010070474FF0FF3070478E
:108FA0000FB404B0704708B52720FAF73BFCBDE8C2
:108FB00008402720FAF71ABC4368994205D20AB143
:108FC0005B1A13800C31084470470020704710B5BD
:108FD000FBF7CCFD00F00BFA0446FBF7D7FD18B108
:108FE000FBF7F0FF002010BD204600F002FAB0F5BC
:108FF0007A7FF2D90720F6E770471FB50023ADF856
:109000000600ADF80C3000F0F2F90446022203A984
:109010000DF10600FBF73CFE78B99DF80D30522BA0
:109020000BD0582B07D033B1204600F0E2F9B0F551
:109030007A7FEBD3072004B010BD0120FBE737B5E2
:1090400000248DF8074000F0D2F90546204642F290
:1090500010749DF80730552B01D103B030BD284660
:1090600000F0C7F9A04206D801220DF10701002047
:10907000FBF70EFEEDE70420EFE737B515461C467B
:10908000ADF80610FFF7B9FF68B9014602220DF1ED
:109090000600FBF7FDFD30B93CB921462846BDF876
:1090A0000620FBF7F5FD03B030BDFFF7C8FF002831
:1090B000F3D0F8E773B5064674200C461546FFF763
:1090C0009CFF014690B9022201A80194FBF7E0FD44
:1090D000014658B9042268460096FBF7D9FD0146BF
:1090E00020B922462846FBF7D3FD0146084602B0C8
:1090F00070BD73B5064654200C461546FFF77DFF3C
:109100000146C8B902220DEB0200ADF80240FBF7A0
:10911000BFFD014680B904220DEB02000196FBF76A
:10912000B7FD014640B9FFF78AFF014620B929463D
:109130002246FBF7ADFD0146084602B070BD01298D
:1091400038B514BF4223412343EA00200C4615469C
:10915000FFF753FF034648B9FFF771FF034628B9ED
:1091600022462946BDE83840FBF792BD184638BD77
:1091700070B5002305461446102102467C20FFF7F7
:109180007CFF60B95CB14FF6FC710334034605F116
:10919000100221407C20BDE87040FFF76EBF70BD1B
:1091A00038B5054600F023F904462A46012100207F
:1091B000FFF7C5FF042806D1204600F01AF9B0F5E4
:1091C0007A7FF2D3072038BD08B54FF48060FCF7F2
:1091D000EFFC002008BD704708B578B171B14B882D
:1091E0000BB9002008BD0A880431042A0EBF1346BB
:1091F00008231022037400F0DAF9F2E74FF4356027
:10920000F0E7E0B1D9B10388442B0ED005D8292B63
:109210000FD0412B11D001207047AA2B03D0EF2B88
:1092200009D0A12BF7D1042300E0012300200B700B
:1092300070470023FAE70223F8E70323F6E722202A
:109240007047F0B587B000210446112201A800F054
:10925000A3F9FCF7DDFFA379A0F109014D424D41CF
:10926000D8070FD504238DF81430D4F8073001A89F
:10927000019300F0A4F828B92A4640F6283001A945
:10928000FBF748FFA3799A0719D5082301AE8DF89B
:10929000143004F11B0704F10B03324618685968B7
:1092A000083303C2BB421646F7D101A800F087F885
:1092B00028B92A4640F6283001A9FBF72BFFA379ED
:1092C0005B0718D5082301AE8DF8143004F11B0399
:1092D0002B34324618685968083303C2A342164635
:1092E000F7D101A800F06BF828B92A4640F62830DB
:1092F00001A9FBF70FFF07B0F0BD48B34B8803602F
:109300004A7F0B7F43EA022343844A790B7943EA7D
:109310000223C3878B7DCA7D43EA0223838305230F
:1093200080F858300B88102B0CD11823443000F8EB
:10933000073C8B1D163153F8042B8B4240F8042B4D
:10934000F9D17047022380F83D30D1F8063003642C
:109350007047F8B5064609B1002008600AB1002040
:1093600010600BB10020186000240127254620461C
:10937000FBF7C2FF8646D8B161B10368706807FA8F
:1093800003F3034206D00B6807FA04FC43EA0C031C
:109390000B60013562B1DEF80030F06807FA03F3C4
:1093A000034205D0136807FA04F003431360013544
:1093B0000134142CDBD12846F8BDC0897047037CEA
:1093C000042B08D1431E033013F8012F6AB98342DE
:1093D000FAD101207047082B07D1431E0F3013F834
:1093E000012F12B98342FAD1F3E70020704700F051
:1093F0009BBE10B5044600F097FEA042A0EB04000F
:1094000038BF00F1FF3010BD00F022BF08B5FCF7F7
:109410001FFF002008BDFCF739BF0023C0E90D3352
:1094200080F821304384C36170472DE9F041144630
:1094300092790D46D1070746DDF8188020D52381A3
:10944000002312F002062B6004D1206810B1FBF754
:109450008DFC26606069FFF7CCFF2369984209D82C
:1094600007F108002946FCF7F3FE4046BDE8F0414D
:10947000FCF79EBBA3799B0702D52068FBF776FC1F
:109480002846BDE8F041FBF771BCF0B51E4600234D
:1094900087B00192CDE90333C36B0546009390F882
:1094A0003230028E0F4604A803A9FCF7F1FF0446F0
:1094B000F0B905904FF47A731022012105A8FBF74B
:1094C00025FC044618B10398FBF750FC10E0024657
:1094D00001460598FFF770FDDDE9042313606A8CEF
:1094E000428046B93B462846059A0399FCF7ACFBF7
:1094F000204607B0F0BD18460C99B0470028F1D1BE
:109500000398FBF733FC0598DEE70068003818BFC6
:10951000012070470020704707B568B9ADF8060014
:109520000DF10600FFF73CFEBDF80600C04300F059
:10953000010003B05DF804FB0020FAE72DE9F843D1
:109540000746884614460026D4E90195B9F1010979
:1095500005D52468002CF7D13046BDE8F883AB89E7
:10956000012B07D9B5F90E30013303D0294638460F
:10957000C04706436835E9E70139024410B5904217
:1095800001D1002005E0037811F8014FA34201D07A
:10959000181B10BD0130F2E702440346934200D18C
:1095A000704703F8011BF9E77047704770470A449A
:1095B000431E914200D1704710B511F8014B914202
:1095C00003F8014FF9D110BD062008B5FEF7FEFDE6
:1095D0000120FEF7A8FE9368013B002B936010B4B6
:1095E00008DA9469A34201DB0A2903D15DF8044B30
:1095F00000F0F7B81368581C1060084619705DF841
:10960000044B7047F8B506460F461446D518AC42D1
:1096100001D1002007E03A4614F8011B3046FFF75D
:10962000DAFF431CF3D1F8BD2DE9F0471646984602
:109630008A6807460B690C46DDF820909342B8BF54
:109640001346336091F843200AB101333360236835
:10965000990642BF336802333360256815F006056A
:1096600006D104F1190AE36832689B1AAB422BDC7D
:1096700094F843302268003B18BF0123920630D48F
:1096800004F1430241463846C847013023D02368DD
:109690001A3454F80A2C03F00603042B0ABF54F8BA
:1096A0000E5C002533684FF0000608BFED1A54F831
:1096B000123C08BF25EAE5759342C4BF9B1AED181A
:1096C000B5421AD1002008E00123524641463846EF
:1096D000C847013003D14FF0FF30BDE8F0870135B6
:1096E000C1E7E1185A1C30200233224481F84300BC
:1096F00094F8451082F84310C2E701232246414600
:109700003846C8470130E6D00136D9E738B50B698D
:1097100005460C4613B90025284638BD18B1036A22
:109720000BB9FEF7B1F9B4F90C30002BF3D0626E2F
:10973000D00704D4990502D4A06DFFF736FF284660
:109740002146FEF725FC636E0546DA07E4D4A389BB
:109750009B05E1D4A06DFFF729FFDDE710B50C46AE
:10976000B1F90E10FEF73AFD0028ABBF636DA38977
:109770001B1823F48053ACBF6365A38110BD2DE992
:10978000F0411F468B8905460C46DB05164605D57C
:1097900002230022B1F90E10FEF706FDA38932461E
:1097A000B4F90E10284623F48053A3813B46BDE84C
:1097B000F041FEF737BD10B50C46B1F90E10FEF7BB
:1097C000F3FC431CA38915BF606523F4805343F465
:1097D0008053A38118BFA38110BDB1F90E10FEF70D
:1097E000B1BCF8B50E461446054618B1036A0BB96C
:1097F000FEF74AF9A369A360A3891A0701D5236973
:1098000043B921462846FEF747FC18B14FF0FF3711
:109810003846F8BD2368F6B222693746981A63695C
:10982000834205DC21462846FFF770FF0028EDD172
:10983000A368013BA36023685A1C22601E70431C6E
:1098400062699A4204D0A389DB07E1D50A2EDFD1F1
:1098500021462846FFF75AFF0028D9D0D6E770B531
:109860000C46B1F90E1096B0154600291E460CDACA
:10987000A389002113F0800F14BF40234FF48063AD
:10988000002031602B6016B070BD6A46FEF76AFC9E
:109890000028EDDB019901F47041A1F50053594214
:1098A00059414FF48063EBE78B89F7B59D07064676
:1098B0000C4607D504F1470323602361012363614C
:1098C00003B0F0BD01AB6A46FFF7C9FF009F054634
:1098D00030463946FFF79AFA48B9B4F90C309A0580
:1098E000EED423F0030343F00203A381E2E7A3894C
:1098F000206043F08003A381019BC4E904075BB1AE
:10990000B4F90E103046FEF73FFC28B1A38923F0CE
:10991000030343F00103A381A3891D43A581CFE77E
:109920001F2938B505460C4604D9162303604FF0AD
:10993000FF3038BDC26B12B152F821304BB9284606
:1099400000F016F8224601462846BDE83840FEF7EA
:1099500057BC012B0AD0591C03D1162303600120E8
:10996000E7E70021204642F8241098470020E0E76E
:10997000FEF7DCBCC9B20346024410B59342184658
:1099800001D1002003E0047801338C42F6D110BDF0
:109990000B4A1168086806C881F30B88022181F31D
:1099A0001488203080F30988BFF36F8F4FF00000D8
:1099B00080F31188104700BFAFF30080AFF3008041
:1099C000581E002000000000000000000000000001
:1099D00007480068006880F3088862B661B6BFF384
:1099E0004F8FBFF36F8F02DF00BF00BFAFF3008068
:1099F00008ED00E000000000000000000000000092
:109A0000EFF309801EF0100F08BF20ED108AEFF36E
:109A10000B82734620E9FC0F114A116808604FF071
:109A2000300080F31188BFF34F8FBFF36F8F01F0C9
:109A3000C7FA4FF0000080F31188094A11680868DE
:109A4000B0E8FC0F13F0100F08BFB0EC108A82F3DF
:109A50000B8880F309881847AFF30080AFF30080CC
:109A6000581E002000000000000000000000000060
:109A70001EF0040F0CBFEFF30880EFF309800449D8
:109A8000084700BFAFF30080AFF30080AFF3008062
:109A900007BA0008014B1868704700BF2054002027
:109AA0000A4B1B6F03F00703013B032B03D8DFE8CE
:109AB00003F00A030608FEE7054B18687047054BDC
:109AC000FBE7054870470548704700BF008000501D
:109AD000205400202854002080D54302002D31015D
:109AE00008B5FFF7DDFF054B1B6FC3F303330133ED
:109AF000B0FBF3F0024B186008BD00BF00800050BF
:109B00001C5400200048704700B4C404004870474B
:109B1000002D3101014B1868704700BF2854002008
:109B20000048704780D543024FF40022184B5A6614
:109B30004FF0B4429368C3F304430C2B0AD8DFE818
:109B400003F00B0909090909072119091B1D1F0049
:109B50001048704700207047936803F04073B3F1DA
:109B6000807F11D0B3F1007F10D0002B0A4818BFBE
:109B700000207047094870470948704709487047F6
:109B800009487047094870470948704709487047B5
:109B900000900050405DC60000093D00C0EA210170
:109BA00080BA8C010048E801005A62020024F400E7
:109BB00080841E0040420F00014B1868704700BFB0
:109BC000245400200A4A08B5127852B107280AD84E
:109BD000084A02EB00131B7B3BB1F9F757FA002050
:109BE00008BD0548FCE70548FAE70548F8E700BF67
:109BF0003F24002080120020028000F0018000F04D
:109C0000078000F00B4A10B512780C4662B10728A5
:109C10000CD859B1084A02EB00131B7B43B1F9F78A
:109C200047FA2070002010BD0448FCE70448FAE71A
:109C30000448F8E73F24002080120020028000F052
:109C4000018000F0078000F00B4A10B512780C4636
:109C500062B107280CD859B1084A02EB00131B7BEC
:109C600043B1F9F73DFA2060002010BD0448FCE73D
:109C70000448FAE70448F8E73F2400208012002057
:109C8000028000F0018000F0078000F0012243789C
:109C900001789A4030235943014B5A50704700BF16
:109CA00040D00350034B5A68D20702D5DA69002A24
:109CB000F9D1704700C00A5008B9014B5964704788
:109CC00000D00A5008B9014B5964704700E00A50AF
:109CD00008B9014B1964704700E00A5010B9024BF3
:109CE000186C70470020704700C00A5048B911B185
:109CF000012903D07047044BD86C7047024B186D94
:109D000070470020704700BF00C00A5040B911B131
:109D1000012903D07047034BDA647047014B1A6581
:109D2000704700BF00C00A500E4A30B51368416149
:109D30009BB9106083600FE0491B9D681C46416120
:109D40002B461DB15D698D42F6D944B1A060836098
:109D500013B15A69521A5A6130BD0024F2E71060FB
:109D6000F5E700BF341300200D490B68A0B10022B5
:109D7000A3B1834203D1836822B90B6003E01A4682
:109D80009B68F5E7936083680BB9002070475A69B8
:109D900041690A445A61F8E722207047022070475F
:109DA0003413002010B500F007F90A4C0A4B19686B
:109DB0002368C31A09B9206010BD002BFBD04A6983
:109DC0009A423ABF9B1A0022D21A4A6128BF002346
:109DD0008968EFE7301300203413002038B5154DA3
:109DE0002B682BB35B69B3B1134A022014681C447F
:109DF00001F08BFC204600F0F3F800220F492B689D
:109E00000A70012A05D823B1D88880070AD5012312
:109E10000B70002038BD022001F077FC022000F01A
:109E20002DF9EAE79B68002BF3D058690244E8E774
:109E30002220EFE734130020301300204E240020AE
:109E4000F8B50546D0B101F0DEFB0646FFF7AAFFE4
:109E50000B4B28461F68FFF787FF044620B13046AA
:109E600001F0CCFB2046F8BDAF42F8D1FFF7B6FFBA
:109E70002228F4D1022000F0EBF8F0E72224F1E7E9
:109E800034130020C2072DE9F843044607D5474A9A
:109E9000136801331360FFF785FFFFF79FFFA307E8
:109EA00040F1818001F0B8FB4FF0000805464646BE
:109EB000FFF778FF3E4F3C680CB16369A3B1002205
:109EC0003C4B012E1A7003D118F0020F18BF1E7000
:109ED000FFF784FF222802D1022000F0B9F82846BB
:109EE000BDE8F84301F093BB23465A693AB91A79A1
:109EF0002179914288BF1C469B68002BF5D12846EA
:109F000001F085FBD4F81080B8F1000F3FD000F0CD
:109F100053F8A269851AEB17454573F1000337DB47
:109F200023691344A36101232269CAB1C3B9A38B76
:109F3000B8EB050833B1E28B13449BB2B3F57A7FDB
:109F40001CD2E38301F068FB054641462046FFF73B
:109F5000EBFEA369226928461344A36101F057FB75
:109F6000E36813B1204621689847B4F8068001F0F1
:109F700053FB01360546FFF715FF9CE7A3F57A73FF
:109F8000E383A36918F1FF38013BA361DAE7454693
:109F900001F042FB81462046FFF7E6FE484601F00D
:109FA00036FB0023C0E7BDE8F88300BF3C13002068
:109FB000341300204D24002008B5FFF773FE014B39
:109FC000986908BD00C00A5007B5044B01A918796B
:109FD00001F02EFB019803B05DF804FBFCC3000800
:109FE000F8B5044601F00FFB0746FFF75BFE164B82
:109FF0009D6901F086FB06460020FFF76FFE830790
:10A0000004D4731B032B01D8AE420FD10021631B74
:10A01000022B98BFEC1C0846B4F1FF3F2CBF224630
:10A02000621EFFF773FE022001F06FFB384601F05D
:10A03000E5FA064A137833B103498B6C43F0010308
:10A040008B6400231370F8BD00C00A50DA5400205E
:10A05000830700F0010109D50122064B41F00201FE
:10A060001A70054A936C23F0010393640020FFF7F4
:10A0700029BE00BFDA54002000C00A50830742BF47
:10A080000222014B1A64704700D00A50EFF3058397
:10A0900073B9EFF31082094B12B9EFF3118212B1C9
:10A0A0001A68022A04D0186828B901221A60704779
:10A0B0006FF0050070474FF0FF307047081900201F
:10A0C00008B500F0E7FF38B1022804D0034B186848
:10A0D000431E5842584108BD0320FCE708190020E0
:10A0E00010B5EFF30583BBB9EFF310830D4C13B933
:10A0F000EFF3118313B12368022B0DD02368012BDA
:10A100000DD16FF004000021FEF7B8FB022323609D
:10A1100000F04CFD002010BD6FF00500FBE74FF094
:10A12000FF30F8E708190020EFF305834BB9EFF390
:10A13000108313B9EFF311832BB1044B1B68022B6F
:10A1400001D100F079BD00F071BD00BF08190020F9
:10A15000014B1868704700BF1C540020F0B514462E
:10A16000002287B00B460592EFF305821ABBEFF38E
:10A17000108212B9EFF311821AB1214A1268022A31
:10A1800019D0C0B16CB3A569002D08BF18256A1E8F
:10A19000372AAC462AD86268D20727D466696EB1DE
:10A1A000B2082168D4E9027E57B1BEF1630F02D92B
:10A1B000246904B1E6B9059807B0F0BDA022F0E724
:10A1C000BEF1000FF7D12469002CF4D105ACCDE924
:10A1D00000C492B202F01AF801281CBF00230593B4
:10A1E000E9E721464FF0180CA022EFE70020E3E753
:10A1F000CDE90147009502F037F80590DBE700BF95
:10A200000819002010B50446EFF30583A3B9EFF356
:10A21000108313B9EFF311831BB10C4B1B68022B96
:10A220000AD064B1204600F089FC04280AD02046F8
:10A2300000F03CFC002010BD6FF00500FBE76FF064
:10A240000300F8E76FF00200F5E700BF08190020EF
:10A2500008B5EFF3058373B9EFF3108313B9EFF388
:10A2600011831BB1054B1B68022B04D008B100F011
:10A27000F1FD002008BD6FF00500FBE70819002084
:10A280000346EFF3058292B9EFF3108212B9EFF3B0
:10A2900011821AB1084A1268022A08D04BB1D3E9D8
:10A2A000020318B11F2B02D901F090BA0BB10020A4
:10A2B000704701F07DBA00BF0819002013B50C46A5
:10A2C00038B3B1F1807F24D2EFF305834BB9EFF3BC
:10A2D000108313B9EFF31183ABB1114B1B68022B41
:10A2E00011D10023214601AA019300F03FFA98B151
:10A2F000019B2BB14FF0E0234FF08052C3F8042DA7
:10A30000204602B010BD214602B0BDE8104001F069
:10A31000CFBA6FF00304F3E76FF00204F0E700BF79
:10A320000819002070B50E46054618B3B1F1807FBC
:10A3300020D2EFF305834BB9EFF3108313B9EFF39A
:10A3400011838BB10D4B1B68022B0DD1284601F0F8
:10A35000DFFA31460446284600F000FA002808BF1C
:10A360006FF00204204670BD31462846BDE87040BB
:10A3700001F08FBA6FF00304F4E700BF0819002062
:10A3800073B50C461D4650B3B1F1807F27D2EFF371
:10A3900005833BBBEFF3108313B9EFF311831BB1BC
:10A3A000124B1B68022B1DD002F0010682F0020244
:10A3B000C2F3400233462146009501F017FA04EA41
:10A3C00000024EB1A24205D0002D14BF6FF0010073
:10A3D0006FF0020002B070BD002AF5D0FAE76FF00E
:10A3E0000300F7E76FF00500F4E700BF081900204D
:10A3F00008B5EFF3058373B9EFF3108313B9EFF3E7
:10A4000011831BB1074B1B68022B04D030B101F044
:10A4100088FA002008BD6FF00500FBE76FF003002D
:10A42000F8E700BF0819002070B50546EFF3058670
:10A4300016B10024204670BDEFF3108212B9EFF37D
:10A4400011821AB1184A1268022AF2D015B16E6848
:10A450003307EED406F001067DB1D5E9021351B100
:10A460004F2BE6D9DEB1042001F054FE044600284B
:10A47000DFD02D680AE0002BDBD196B1042001F07B
:10A480001AFE04460028D4D0002DF2D129462046D9
:10A4900000F0F6F9002ECDD044F00104CAE7012007
:10A4A000E2E70120EBE700BF08190020034610B5E2
:10A4B00020F001000C4603F00102EFF30581E9B939
:10A4C000EFF3108111B9EFF3118119B10E49096849
:10A4D000022913D0012B14D9214662B101F047FDA6
:10A4E000012801D1002010BD002C14BF6FF0010025
:10A4F0006FF00200F7E701F0BAFCF1E76FF005003A
:10A50000F1E76FF00300EEE708190020024608B5F6
:10A5100020F0010002F00103EFF30581C9B9EFF368
:10A52000108111B9EFF3118119B10D4909680229A0
:10A530000FD0012A10D93BB101F030FD01280CBF2A
:10A5400000206FF0020008BD1A46194601F026FBF4
:10A55000F4E76FF00500F6E76FF00300F3E700BFE4
:10A560000819002010B5034620F00104EFF305821E
:10A570009AB9EFF3108212B9EFF311821AB10A4AB5
:10A580001268022A09D0012B0AD9204600F08AF964
:10A59000204601F018FD002010BD6FF00500FBE71C
:10A5A0006FF00300F8E700BF0819002073B50E46EE
:10A5B0001546EFF3058393B9EFF3108313B9EFF367
:10A5C00011831BB1244B1B68022B08D038B1B04259
:10A5D00005D355B1D5E902322BB14F2A23D8002437
:10A5E000204602B070BD002AF9D101280ED1032205
:10A5F0000021012001F042FD1DE01A46314601F024
:10A6000097FD04460028EAD02D6807E0314601F0A6
:10A610005DFD04460028E2D0002DF5D129462046F4
:10A6200000F02EF9DCE70128E7D103220092002296
:10A63000114601F054FD04460028D0D0002EEBD086
:10A6400000231A46194601F0A9FA0128E4D0204651
:10A6500001F0B9FCC3E700BF0819002013B50C4690
:10A6600068B3EFF305834BB9EFF3108313B9EFF33E
:10A670001183D3B1134B1B68022B16D1FCB92146B1
:10A6800001AA019401F0C5FB012803D06FF002007C
:10A6900002B010BD019B0BB90020F9E74FF0E02399
:10A6A0004FF08052C3F8042DF6E7214601F0DFFB9E
:10A6B0000128F1D0002CE9D06FF00100E8E76FF03D
:10A6C0000300E5E70819002007B550B3EFF3058351
:10A6D0004BB9EFF3108313B9EFF31183CBB1124BE6
:10A6E0001B68022B15D1002301A9019301F069FB1E
:10A6F000012804D06FF0020003B05DF804FB019B59
:10A700002BB14FF0E0234FF08052C3F8042D00200E
:10A71000F2E700231A46194601F040FA0128F6D064
:10A72000E8E76FF00300E7E708190020034B036038
:10A73000034B0B60A0231360704700BFA4180020D8
:10A7400024160020034B0360034B0B60A02313600F
:10A75000704700BFC0150020401300200A460023A8
:10A760000146014800F0DCBDADB8000813460A46BA
:10A770000146014800F0D4BD0DB9000810B54FF0F6
:10A78000807440E90224184A4FF0123440F80C2C2F
:10A790004FF003324FF0023C40E905244FF0013204
:10A7A00040F8203C40E9072C4FF010334FF01132B5
:10A7B0004FF0093440E90A324FF008334FF0073CBC
:10A7C00040E90C344FF006334FF0053240E90E3CBF
:10A7D0004FF0043340E910326FF0020340F8443C7C
:10A7E00040F8481D10BD00BFB14300084FF0E02203
:10A7F00000234FF47A7113619361044B1B68B3FB20
:10A80000F1F3013B53610723136170471C5400208F
:10A810004FF0E02310B50024D3F8202D42F47F023E
:10A82000C3F8202DD3F8202D42F07F42C3F8202D0D
:10A83000FFF7DCFF044B1C60FFF7CAF800F0C0FB19
:10A84000F9F7B6FD204610BD2C54002008B501F0E4
:10A85000F0F8044A136801331360BFF34F8FBFF35E
:10A860006F8F08BD2C540020044B1A681A68013AF7
:10A870001A60186808B901F0E7B870472C54002036
:10A88000002330B5064A52F8335002EBC3041DB919
:10A8900042F83310606030BD01330A2BF3D1FAE780
:10A8A0000C190020002310B5084A52F83310DC00C0
:10A8B000814206D10021064A42F8331022445160F9
:10A8C00010BD01330A2BF0D1FAE700BF10190020A8
:10A8D0000C190020F8B50646144B154D1C68286865
:10A8E0000F46043001F062F8731C07D137B12968B4
:10A8F00010480431BDE8F84001F04DB82B68A419A8
:10A900005C6007D30C4B18682968BDE8F840043137
:10A9100001F02AB8094B18682968043101F024F8BD
:10A92000074B1A68A24288BF1C60F8BD7C19002042
:10A93000581E002088190020C8190020CC190020BA
:10A9400060190020064A13681968064B19B94FF0C0
:10A95000FF321A6070471268D2681268F9E700BFC8
:10A96000CC190020601900202DE9F0410446FFF7C2
:10A970006DFF2D4B2D4E1A682D4F01321A60356830
:10A98000002D43D134601B68012B1FD1B8464046CF
:10A99000013500F0DBFF382D08F11408F7D1DFF89E
:10A9A000B880244D404600F0D1FF284600F0CEFF8D
:10A9B000214800F0CBFF214800F0C8FF204800F0FC
:10A9C000C5FF204BC3F800801F4B1D6014201F4A99
:10A9D0001368013313601E4A23641168E36A8B42D3
:10A9E00000FB037004F1040188BF136000F0D3FF83
:10A9F000FFF73AFF174B1B689BB13368DA6AE36ACB
:10AA00009A420ED2BDE8F04100F0E0BF114B1A6847
:10AA1000E36A002ADAD13268D26A9A4298BF346077
:10AA2000D4E7BDE8F08100BF80190020581E002047
:10AA3000F8190020D0190020B4190020A019002016
:10AA400088190020CC190020C819002064190020A2
:10AA50007819002074190020E419002080B50F4CEB
:10AA60000F4F104D236833B90F4B1B68012BF8D9DA
:10AA700000F0ACFFF5E7FFF7E9FEFB68DE68301D8C
:10AA800000F094FF2B68013B2B602368013B23609F
:10AA9000FFF7EAFE304601F058FBE3E79C1900207F
:10AAA000A019002080190020F819002070B5044674
:10AAB0001B4DFFF7CBFE04B92C68261D304600F075
:10AAC00075FFA36A1BB104F1180000F06FFF154A6F
:10AAD0001368013313602B68A34215D13146124825
:10AAE00000F059FF114A136801331360FFF7BCFEF1
:10AAF0000F4B1B6893B12B68A3420FD1BDE8704088
:10AB00000C4B1B6800F062BF0B4A20461368013BE8
:10AB1000136001F01AFBFFF715FFE7E770BD00BFF8
:10AB2000581E002064190020A01900209C19002044
:10AB3000741900205C19002080190020F8B5164B0C
:10AB400004461B68834220D0FFF780FE134B6569E3
:10AB50001F68134B1E68FFF787FEBD4217D0B54232
:10AB600015D0104B9D4208D1A36A83B994F85C308C
:10AB7000012B0CBF02200320F8BD0B4B9D4208D0D7
:10AB8000002D0CBF04200120F6E70020F4E702208E
:10AB9000F2E70420F0E700BF581E0020CC19002087
:10ABA000C819002088190020A019002030B5002401
:10ABB00089B007AA06A905A8CDE90544FFF7B6FDA7
:10ABC000059B079A0293069B0E49CDE900430E4868
:10ABD000234601F049FB80B100F0B6FB0128054691
:10ABE0000BD100F026FF4FF0FF32084B1A60084BE4
:10ABF0001D60084B1C60FFF70BFE074B1B6809B07C
:10AC000030BD00BFACC400085DAA00086019002078
:10AC1000741900207C190020D8C90008024A136862
:10AC200001331360704700BF5C190020014B1868A6
:10AC3000704700BF7C190020014B1868704700BFA7
:10AC40007C190020012905DC08B9034B1868143170
:10AC500040F82120704700BF581E0020012906DC63
:10AC600008B9044B1868143150F8210070470020CF
:10AC7000704700BF581E00203A4B2DE9F74F1B6864
:10AC8000002B68D1384B1C6801341C606CB9374B01
:10AC90001A681268364A1968106818601160354AD7
:10ACA000136801331360FFF74DFE334D4FF0000B77
:10ACB0002B68324EA342324F12D914213A68D26A1D
:10ACC0004A43B258022A2F4A28BF4FF0010B12689C
:10ACD000002A18BF4FF0010B584603B0BDE8F08FB3
:10ACE000DFF88890DFF8A4A0D9F8002012681AB91C
:10ACF0004FF0FF322A60E0E7D9F80020D268D2F89E
:10AD00000C80D8F804108C4201D22960D5E708F1F4
:10AD100004031846019300F049FED8F8281019B131
:10AD200008F1180000F042FE1423D8F82C00DAF8DD
:10AD30000010884288BFCAF80000019903FB006038
:10AD400000F029FE3868D8F82C10C26A914228BF5A
:10AD50004FF0010BC8E70C4A4FF0000B13680133AA
:10AD60001360B9E75C1900207C190020CC19002081
:10AD7000C81900206819002060190020F819002067
:10AD8000581E00206C19002070190020781900202E
:10AD90002DE9F041274C2368FFF758FD2368013B5C
:10ADA000236024682CB10024FFF75EFD2046BDE837
:10ADB000F081214B1B68002BF5D0204D204EDFF891
:10ADC00090801DE0EB68DC68271D04F1180000F09E
:10ADD000EDFD384600F0EAFD1420E36A326800FB1E
:10ADE00003809342394688BF336000F0D4FD154B91
:10ADF000E26A1B68DB6A9A4202D30122124B1A6094
:10AE00002B68002BDED10CB1FFF79CFD0F4D2C6899
:10AE100044B101270C4EFFF72FFF00B13760013C12
:10AE2000F9D12C60084B1B68002BBCD000F0CEFD84
:10AE30000124B9E75C19002080190020B419002012
:10AE400078190020581E00206C190020701900206D
:10AE5000F819002008B518B9BDE8084000F0B6BDE3
:10AE6000054B00211B68FFF7D9FEFFF733FDFFF705
:10AE70008FFF0028F0D008BD5C19002010B50C46EB
:10AE8000054B1968183100F06FFD2046BDE81040F1
:10AE90000121FFF71FBD00BF581E002010B514464A
:10AEA000084B41F000411B68074B1A689161196813
:10AEB000183100F070FD2046BDE810400121FFF779
:10AEC00009BD00BF5C190020581E002038B514468B
:10AED0000D46084B1968183100F05DFD002C214625
:10AEE00008BF2846BDE8384018BF4FF0FF30FFF7D5
:10AEF000F1BC00BF581E002038B5C368DC6804F1FF
:10AF00001805284600F052FD104B1B68DBB9251DC3
:10AF1000284600F04BFD0E4A14201168E36A8B426C
:10AF2000294688BF13600B4A00FB032000F033FD65
:10AF3000094BE26A1B68DB6A9A4285BF0120074B16
:10AF40000020186038BD29460548EFE75C1900204D
:10AF500078190020F8190020581E00206C190020D4
:10AF6000B419002038B5C46841F000410F4A0160AF
:10AF7000251D126800F01AFD284600F017FD142068
:10AF80000B4AE36A11688B4288BF1360094A29465D
:10AF900000FB032000F0FFFC074BE26A1B68DB6A42
:10AFA0009A4282BF0122054B1A6038BD5C1900200D
:10AFB00078190020F8190020581E00206C19002074
:10AFC000F8B5224B1A68224B12B101221A60F8BD63
:10AFD000204C1A6023681B6B1A68B2F1A53F0BD195
:10AFE0005A68B2F1A53F07D19A68B2F1A53F03D1E3
:10AFF000DB68B3F1A53F04D020682168343100F04C
:10B00000D6FB4FF0140C144E23683268134F1A66A7
:10B010003968134A0CFB01F3D558D018A5B145681F
:10B0200008336D6813449D4208BF6B68456008BFD4
:10B030004360142303FB01225368DB6823603960FB
:10B0400023681B6E3360C2E70139E3E75C19002017
:10B050006C190020581E0020841900207819002047
:10B06000F8190020044B1A68196890691A68CB6AAD
:10B07000C3F1380393617047581E0020014B1868D4
:10B08000704700BF581E00200122014B1A60704714
:10B090006C190020054B1B6833B1054B1868B0FADA
:10B0A00080F040094000704701207047741900206B
:10B0B0005C190020F8B5044638B31A4DC36A2A68F3
:10B0C000D26A934226D28269174E002AA1BF2A680B
:10B0D000D26AC2F138028261142202FB0363426920
:10B0E0009A4213D1071D384600F060FC14202B68EB
:10B0F0000E4ADB6A116800FB03608B42E36239464B
:10B1000088BF136000F047FC0120F8BD2B68DB6AA4
:10B11000C362F9E72B68806CDB6A98422CBF002081
:10B120000120F2E7581E0020F819002078190020AD
:10B1300038B5044608B9002038BD114BC16A1B68F8
:10B14000826CC36C914203F1FF33C364F3D0002BD4
:10B15000F1D1051D284600F029FC1420A36CC3F191
:10B160003802A261074AE36211688B4288BF13600C
:10B17000054A294600FB032000F00DFC0120DBE717
:10B18000581E002078190020F819002070B50446D8
:10B1900060B3836C994238BF1946C36A8B4225D08D
:10B1A000C26C012A22D1124A124D12688269C16210
:10B1B000002A4FF0140202FB03534269A4BFC1F1FD
:10B1C000380181619A4211D1061D304600F0EEFB34
:10B1D0001420094AE36A116800FB03508B42314690
:10B1E000BDE8704088BF136000F0D5BB70BD00BFE4
:10B1F000581E0020F819002078190020044B1A6806
:10B200001AB11968CA6C0132CA641868704700BF65
:10B21000581E0020034B1B680360034B1B684360F0
:10B22000704700BF681900207C19002070B50D46DA
:10B230000446FFF70BFB0F4B19682B685A1C17D0FD
:10B240000D48266800686268864208D08A4206D89F
:10B25000002301242B60FFF707FB204670BD881AEE
:10B260008342F5D95B1A134420462B60FFF7D2FFC7
:10B270000024F0E77C19002068190020914208B5ED
:10B28000416000610AD8D21A83699A420DD2084BF4
:10B29000011D186800F068FB002008BD9A4201D229
:10B2A000994202D2034B011DF3E70120F5E700BFED
:10B2B000B81E0020BC1E0020F7B5114CFFF7C6FADF
:10B2C0002568BDB90F4F104E384600F03FFB3046A1
:10B2D00000F03CFB0D4B10211F600D4B0A201E603F
:10B2E0000C4A0D4B009500F0FAFE206010B10B499E
:10B2F000FFF7C6FA03B0BDE8F040FFF7B5BA00BFEC
:10B30000B41E0020D41E0020C01E0020BC1E002041
:10B31000B81E002050240020601E0020B1C4000888
:10B320001FB514461A466FF00103CDE900300548F9
:10B33000CDE9021400236946006800F010FD04B056
:10B3400010BD00BFB41E002010B588B0FFF7B4FFD9
:10B350000E4B00241868B8B107AA06A905A8CDE9C4
:10B360000544FFF7EFF9059B079A0293069B0849EE
:10B370000193282307480093234600F075FF064BEE
:10B380001860001B18BF012008B010BDB41E0020BB
:10B39000B6C4000871B40008B01E00207FB50F4C81
:10B3A0000546206816461A4680B10529CDE90016E3
:10B3B00002950DDCFFF76EFE0023022818BF1A4627
:10B3C000694608BF089A206800F0E8FB04B070BD29
:10B3D0000023694600F0C3FCF8E700BFB41E00205C
:10B3E0002DE9F3470646FFF721FCDFF8808005468C
:10B3F000D8F80030834209D91A4F3B681A686AB9F5
:10B40000194A116813603960012300E000232846BF
:10B410003360C8F8005002B0BDE8F087DB68DC6834
:10B42000D3F8009004F1040A504600F0BFFA236AF2
:10B430002046984794F828305B07DED5A3694B4433
:10B44000994506D2514638686360246100F08CFA51
:10B45000D3E700234A46194620460093FFF79EFF94
:10B46000CBE700BFBC1E0020B81E00205C1E0020E1
:10B470002DE9F04700275E4D88B02B68D3F8008097
:10B48000B8F1000F50D00024DB68D3F80080FFF73C
:10B49000C5FB04A8FFF7A4FF049B8246554E002B72
:10B4A0005CD1002C47D140454BD3FFF771FC2B6892
:10B4B000DB68D3F80C9009F1040000F077FA99F8F2
:10B4C0002830580732D5D9F8181043465246484616
:10B4D0004144FFF7D3FE30B1234642462146484659
:10B4E0000094FFF75BFF4846D9F8203098470022C8
:10B4F000306804A900F0CAFB0028BED0049B06985F
:10B50000002B2EDB069C6369002B31D103A8FFF7CB
:10B5100067FF049B0246092BE9D8DFE803F02D2DD5
:10B520002D4C53612D2D4C530124B0E723F0010322
:10B5300089F82830D7E7304B1B681C68B4FA84F4CC
:10B54000640922463068A8EB0A0100F047FDFFF7C6
:10B550001FFC0028CBD100F039FAC8E7FFF718FC30
:10B56000C5E7059B07999847049B002BBFDBC9E7FC
:10B57000201D00F01BFAC9E794F82830A16943F0B8
:10B58000010384F82830059B20461944FFF776FE16
:10B590000028ACD0236A2046984794F828305907F1
:10B5A000A5D50023A269059920460A4400971946AB
:10B5B000FFF7F4FE9BE794F8283023F0010384F8AA
:10B5C000283094E794F8283043F0010384F82830B9
:10B5D00005990346A16101442046FFF74FFE86E727
:10B5E00094F828309A07E8D4204600F040FA7EE725
:10B5F000BC1E0020B41E0020B81E002010B962B688
:10B60000BFF36F8F7047EFF3108072B6704780F30F
:10B610001188BFF36F8F7047EFF31180302383F3EE
:10B62000118870474FF4004070474FF47A707047AC
:10B6300009B100F002B82220704770B506460D46E9
:10B64000FFF7EAFF04461F2E58D8DFE806F010196E
:10B65000571E212457272A572D5730335736393C48
:10B66000573F57425457455748574B574E51FEF78F
:10B6700017FA002628602046FFF7C9FF304670BD44
:10B680004FF4C070F6F758FAF3E74FF42070F9E77B
:10B690004FF44070F6E74FF46070F3E74FF400703A
:10B6A000F0E74FF48060EDE74FF44060EAE74FF4D5
:10B6B000C060E7E74FF4F060E4E74FF4B060E1E723
:10B6C0004FF4D060DEE74FF41060DBE74FF4E0604A
:10B6D000D8E74FF4A060D5E74FF41860D2E74FF4F5
:10B6E0002860CFE74FF48070CCE74FF42060C9E7C3
:10B6F0004FF44860C6E74FF40860C3E700202126F6
:10B70000B8E700210846FEF7F1BA00F0010183070F
:10B7100048BF41F002010020FEF7CEBA38B5FFF76E
:10B720007BFF04460020FEF7D9FA830700F00105ED
:10B7300048BF45F0020500F003010020FEF7C8FAFB
:10B740002846FEF79FFB2046BDE83840FFF75FBF65
:10B7500008B54FF0E0231B69FFF79CFC012803D0DC
:10B76000BDE8084000F03DB908BD70B5EFF31083A7
:10B77000CBB9EFF31186003E18BF012672B6FFF772
:10B7800055FA0546FCF7C6FD0446F4F76FFE18B1FE
:10B79000FCF7C0FD04460135FCF7B7FD05FB004092
:10B7A00006B962B670BD0126E8E7FFF767BC7047CF
:10B7B00038B5202000F04FF9044628B1002540F8A4
:10B7C000045B00F0C3F82577204638BD202313B56D
:10B7D00001930446019B30B1002340F8043B00F084
:10B7E000B5F801232377204602B010BD2DE9F843B8
:10B7F00006460D4698461746DDF82090FFF74AFCAE
:10B80000FFF70CFA346804EA0503B8F1000F13D10E
:10B81000A3B9B9F1000F15D0391E18BF01210906CF
:10B82000B8F1000F01D041F080614A462943301D34
:10B83000FFF734FB002407E09D42EAD117B124EA68
:10B84000050333604FF00009FFF7A2FAB9F1000FCA
:10B8500014D008B900F0BAF8FFF704FC83010446DD
:10B860000AD4FEF7F3FF346805EA0403B8F1000FC9
:10B8700007D143B9FEF7F8FF24F07F442046BDE826
:10B88000F8839D42F6D1002FF4D024EA05053560F7
:10B89000F0E770B505460C46FEF7D8FF2E6826EA9D
:10B8A00004042C60FEF7E0FF304670BDFFF7F1BFE7
:10B8B0002DE9F04104460D4600F10C06FFF7AEF904
:10B8C000236820692B4300252360B042216807D1FB
:10B8D00021EA05012160FFF75BFA2068BDE8F081ED
:10B8E000D0E9002822F07F4312F0806F03EA0107BD
:10B8F00002D11FB94046E8E7BB42FBD1D20141F07B
:10B90000007148BF1D43FFF72DFBF3E7FFF7D0BFE2
:10B9100010B5044600F08DF8246800F095F8204634
:10B9200010BD10B50446FFF779F9636843B9237F6A
:10B9300013B9204600F09BF8BDE81040FFF728BA85
:10B940004FF000712069FFF70DFBEEE74FF0FF327B
:10B9500000F10803C0E90223436003610023036090
:10B96000704700230361704730B50C68631C0AD12F
:10B9700003695A684A6091608B6059600368086186
:10B980000133036030BD00F10802134652681568A8
:10B99000A542FAD9EDE743689A684B608A60516026
:10B9A0009960036808610133036070470369D0E957
:10B9B00001128A6051605968814208BF5A600022B2
:10B9C00002611A68013A1A60186870474FF0E02364
:10B9D0004FF08052C3F8042DBFF34F8FBFF36F8F2A
:10B9E000704710B500F025F80446FFF745F928B177
:10B9F0004FF0E0234FF08052C3F8042D2046BDE8FD
:10BA0000104000F021B8836913F8023C022B0FD1DB
:10BA10004FF0E023D3F8882D42F47002C3F8882D4C
:10BA2000D3F8342F42F04042C3F8342FFDF7B0BFB3
:10BA30007047EFF311804FF0300181F31188BFF3AD
:10BA40004F8FBFF36F8F704780F31188BFF34F8F15
:10BA5000BFF36F8F704710B50446FFF7DFF820463D
:10BA6000FBF776FF0446FFF793F9204610BD10B5AB
:10BA7000044640B1FFF7D2F82046FBF771FFBDE85E
:10BA80001040FFF785B910BD70B50446FEF7DEFE25
:10BA900094F8455004F124066DB2002D01DD636A6F
:10BAA000B3B9FF2384F84530FEF7DEFEFEF7CEFE85
:10BAB00094F8445004F110066DB2002D01DD2369A5
:10BAC0007BB9FF2384F84430BDE87040FEF7CCBE5C
:10BAD0003046FFF711FA08B1FFF7D6FA013D6DB213
:10BAE000DBE73046FFF708FA08B1FFF7CDFA013D72
:10BAF0006DB2E2E710B50446FEF7A8FEA46BFEF7B0
:10BB0000B3FEB4FA84F0400910BD70B51646026C5D
:10BB10000446856B42B906689EB98068FFF708FB4A
:10BB2000A6600135A56370BD6EB94068FDF73FFDA5
:10BB30006368226C1344A2686360934224BF236845
:10BB400063600020EDE7C068FDF731FD226CE3681B
:10BB500051429B1A2268E36093423EBFA3685B1880
:10BB6000E360022EEDD10DB1013DEAE72846D8E7AA
:10BB700003461A6C084610B46AB1DC68996814442C
:10BB80008C4228BF1968DC6028BFD960D9685DF88D
:10BB9000044BFDF70CBD5DF8044B70472DE9FF41E8
:10BBA000002704460E461D460192B846FFF772FA7A
:10BBB000FEF74CFEA26BE36B9A4213D22A46314643
:10BBC0002046FFF7A2FF636A1BB104F12400FFF7D0
:10BBD00093F908B1FFF7FAFEFEF746FE012004B024
:10BBE000BDE8F081022DE9D0019B1BB9FEF73CFEB8
:10BBF0000020F4E717B902A8FFF70CFBFEF734FEAC
:10BC0000FFF70CF8FEF722FE94F84430FF2B08BF34
:10BC100084F8448094F84530FF2B08BF84F84580B1
:10BC2000FEF722FE01A902A8FFF700FBF0B9FEF71C
:10BC30000DFEA26BE36B9A420FD1FEF715FE019940
:10BC400004F11000FFF71AF92046FFF71DFFFFF778
:10BC50009FF848B9FFF7BAFE06E0FEF705FE20465A
:10BC6000FFF712FFFFF794F80127A1E72046FFF73F
:10BC70000BFFFFF78DF8BBE738B100231A461946D2
:10BC800083600360C360FFF789BF70472DE9FF4100
:10BC9000002704460E460192B846FFF7FBF9FEF76F
:10BCA000D5FDA56BA5B131462046013DFFF760FFEC
:10BCB000A563236933B104F11000FFF71DF908B142
:10BCC000FFF784FEFEF7D0FD012004B0BDE8F0814F
:10BCD000019B1BB9FEF7C8FD0020F6E717B902A8C3
:10BCE000FFF798FAFEF7C0FDFEF798FFFEF7AEFDEE
:10BCF00094F84430FF2B08BF84F8448094F8453012
:10BD0000FF2B08BF84F84580FEF7AEFD01A902A80D
:10BD1000FFF78CFAC0B92046FFF7ECFE70B101992D
:10BD200004F12400FFF7AAF82046FFF7ADFEFFF765
:10BD30002FF808B9FFF74AFE0127B0E72046FFF7C2
:10BD4000A3FEFFF725F8F7E72046FFF79DFEFFF774
:10BD50001FF82046FFF7CEFE0028EDD0BCE72DE906
:10BD6000F843044616461F468946FFF762FEA26B5B
:10BD7000E36B80469A4201D3022F20D194F84550BC
:10BD80003A46494620466DB2A36BFFF7BEFE6B1CD8
:10BD900010D1636A3BB104F12400FFF7ADF810B194
:10BDA0000EB10123336001244046FFF74DFE2046CB
:10BDB000BDE8F88301356DB284F84550F3E70024FF
:10BDC000F2E770B504460D46FFF733FEA26BE36B56
:10BDD000064693421BD994F845100132FF294BB215
:10BDE000A2630FD1636A3BB104F12400FFF784F82A
:10BDF00010B10DB101232B6001243046FFF724FE62
:10BE0000204670BD01335BB284F84530F4E700246E
:10BE1000F3E72DE9F843044689469046FFF709FE0B
:10BE2000A56B0746C5B194F844604946204676B2F2
:10BE3000FFF79EFE013D731CA56313D1236953B127
:10BE400004F11000FFF758F828B1B8F1000F02D044
:10BE50000123C8F8003001253846FFF7F5FD2846D4
:10BE6000BDE8F883013676B284F84460F3E7F0B5B4
:10BE7000002585B0044601912E46FFF70BF92F46A9
:10BE8000FEF7E4FCA36BA3B1013BA363236813B9E2
:10BE9000FFF7B4F9A060236933B104F11000FFF794
:10BEA0002BF808B1FFF792FDFEF7DEFC012005B08C
:10BEB000F0BD019B1BB9FEF7D7FC0020F7E716B9D0
:10BEC00002A8FFF7A7F9FEF7CFFCFEF7A7FEFEF7E3
:10BED000BDFC94F84430FF2B08BF84F8447094F8FC
:10BEE0004530FF2B08BF84F84570FEF7BDFC01A963
:10BEF00002A8FFF79BF910BB2046FFF7FBFDC0B17E
:10BF000023683BB9FEF7A2FCA068FFF7D3F805460B
:10BF1000FEF7AAFC019904F12400FEF7AFFF2046CA
:10BF2000FFF7B2FDFEF734FF08B9FFF74FFD01261A
:10BF3000A6E72046FFF7A8FDFEF72AFFF7E7204611
:10BF4000FFF7A2FDFEF724FF2046FFF7D3FD0028F0
:10BF5000EDD0002DB1D0FEF779FC616A19B1236BE9
:10BF60001968C1F13801A068FFF710F9A3E770B5AF
:10BF7000866804460D46FFF781F8864204D1012009
:10BF8000E3680133E36070BD29462046FFF76FFF89
:10BF90000028F8D0E3680133E360F4E738B585683A
:10BFA0000446FFF76BF885420BD1E368013BE36081
:10BFB0000BB1012038BD1A4619462046FFF7EEFDA9
:10BFC000F7E70020F6E710B5FEF76CFC90F8463076
:10BFD0001BB9BDE81040FFF74ABD10BD70B504465F
:10BFE0000D461646FEF732FC94F84430FF2B04BF92
:10BFF000002384F8443094F84530FF2B04BF00231D
:10C0000084F84530FEF730FCA36B2BB93246294645
:10C0100004F12400FEF75AFF2046BDE87040FFF708
:10C0200033BD38B504460D46FEF710FCD4E90F3198
:10C030004B432268D0185B1AA060626000201A444B
:10C04000FF23A063E26084F8443084F8453065B98A
:10C05000236933B104F11000FEF74EFF08B1FFF77A
:10C06000B5FCFEF701FC012038BD04F11000FFF71C
:10C070006DFC04F12400FFF769FCF2E7F8B5064611
:10C08000484350300D461746FFF7E5FC044670B1B3
:10C09000002380F8463065B100F1500301212046AD
:10C0A000C4E90F652360FFF7BCFF84F84C7020469D
:10C0B000F8BD0346F2E7024610B500210120FFF764
:10C0C000DDFF0446FFF7D8FD204610BD10B5022263
:10C0D0000C460021FFF7D2FF00B1846310BD37B5D5
:10C0E0000D465021019101991C4601997BB1002D0B
:10C0F00008BF1A460121C3E90F0583F84610184608
:10C100001A60FFF78EFF9DF8183084F84C302046F7
:10C1100003B030BD002213B50B460090114601203C
:10C12000FFF7DDFF0446FFF7A7FD204602B010BD74
:10C130001346022213B5009200220C461146FFF767
:10C14000CEFF00B1846302B010BD10B590F85D3031
:10C1500004463BB9006BFFF78AFC2046BDE810405F
:10C16000FFF785BC012BF9D010BD2DE9F0470D4636
:10C17000DDE90994960032460746A521206B9846D2
:10C18000FDF70AFA236B043E1E4426F00706002D35
:10C1900039D06B1E04F13302093513F8011F02F880
:10C1A000011F09B1AB42F8D1002384F83D30089D4E
:10C1B0004FF0000A372D28BF3725201DE562A56402
:10C1C000C4F84CA0FFF7CDFBC5F1380504F1180009
:10C1D000FFF7C7FB43463A463046216B2461A56111
:10C1E0006462C4F850A0C4F854A0C4F858A084F8FD
:10C1F0005CA0FEF7C3FA2060B9F1000F01D0C9F8C6
:10C200000040BDE8F08784F83450D0E72DE9F043D2
:10C21000074685B09000884616469946FFF71BFCF6
:10C22000054620B94FF0FF3005B0BDE8F08364202B
:10C23000FFF711FC044698B1002380F85D300D9B98
:10C24000056301930C9B32464146029000933846A9
:10C250004B46FFF78AFF2046FEF786FB0120E3E707
:10C260002846FFF704FCDDE770B5642686B0059626
:10C27000059EDDE90B54059E8CB185B12563022531
:10C2800084F85D5004AD01950A9D02940095FFF776
:10C290006CFF2046FEF768FB049806B070BD0023D3
:10C2A0000493F9E700000000000000000000000017
:10C2B000000000000000000000000000000000007E
:10C2C000F8B500BFF8BC08BC9E467047F8B500BF83
:10C2D000F8BC08BC9E467047050000000000000046
:10C2E000809698000201000000000000000000009D
:10C2F000010000000000000000000000010000003C
:10C300000000000000000000010400000202020121
:10C3100002030204FF03FF3FFF071E0000030000AB
:10C32000000000000100000000000000000000000C
:10C3300001000000000000000000000001040000F7
:10C340000500000000000000809698000201000037
:10C3500000000000050000000000000040420F0047
:10C3600005010000000000000000000000000000C7
:10C370000126000004000000000000000001000091
:10C38000000000000B0000000C0000000300000093
:10C390000000202000000000030000003C3C3C00A6
:10C3A0000000000000000000000000000103100178
:10C3B0000109030088000000870000000900000058
:10C3C0001E0000001A00000086000000850000002A
:10C3D000570000005600000000800A5022000000B4
:10C3E000B4C3000800400A5022000000B8C300088F
:10C3F00000000A5003000000BCC3000800C00A503F
:10C4000013000000C0C30008004009500A000000EB
:10C41000C8C30008000009500A000000CCC300088F
:10C4200000C008500A000000D0C300080000015BF3
:10C4300015000000D4C300080000002000100030E8
:10C44000050000000000000000C201000002000022
:10C4500000100000000000000000000000000000CC
:10C4600005000000000000008025000080020000A0
:10C47000001000000000004000000000000000006C
:10C480005258204461746120417661696C61626C2C
:10C490006520466C61670052656164204C6F636B78
:10C4A000005772697465204C6F636B0049444C45BA
:10C4B00000546D725100546D7220537663006170A8
:10C4C000700076636F6D0077697365636F6E6E657C
:10C4D0006374335F73646B5F332E342E312F636F5D
:10C4E0006D706F6E656E74732F6465766963652F0A
:10C4F00073696C6162732F73693931782F77697250
:10C50000656C6573732F6E63705F696E74657266B8
:10C510006163652F7370692F736C5F73693931784C
:10C520005F7370692E630025733A25733A25643A68
:10C530000D0A20484541502045584841555354451F
:10C540004420445552494E4720414C4C4F4341549E
:10C55000494F4E200D0A0D0A0077697365636F6EAF
:10C560006E656374335F73646B5F332E342E312FCB
:10C57000636F6D706F6E656E74732F64657669633B
:10C58000652F73696C6162732F73693931782F7706
:10C590006972656C6573732F736C5F6E65742F734E
:10C5A00072632F736C5F6E65745F73693931785F86
:10C5B00063616C6C6261636B5F6672616D65776FFE
:10C5C000726B2E630025733A25733A25643A0D0A7F
:10C5D000556E737570706F72746564206576656EE4
:10C5E000740D0A0D0A0077697365636F6E6E65637B
:10C5F00074335F73646B5F332E342E312F636F6D32
:10C60000706F6E656E74732F6465766963652F73E2
:10C61000696C6162732F73693931782F776972653C
:10C620006C6573732F736C5F6E65742F7372632FF9
:10C63000736C5F6E65745F73693931785F696E74AE
:10C640006567726174696F6E5F68616E646C657254
:10C650002E630025733A25733A25643A3E3C3C3CF0
:10C660003C20476F74206E6574206576656E74207B
:10C670003A2025750A0D0A0077697365636F6E6E3F
:10C68000656374335F73646B5F332E342E312F63B5
:10C690006F6D706F6E656E74732F64657669636518
:10C6A0002F73696C6162732F73693931782F7769E1
:10C6B00072656C6573732F736F636B65742F737220
:10C6C000632F736C5F73693931785F736F636B6568
:10C6D000745F7574696C6974792E630025733A25EB
:10C6E000733A25643A0D0A20494E56414C4944207C
:10C6F00053454C4543542049440D0A0D0A007769BF
:10C700007365636F6E6E656374335F73646B5F3301
:10C710002E342E312F636F6D706F6E656E74732FB4
:10C720006465766963652F73696C6162732F7369E1
:10C730003931782F776972656C6573732F73726303
:10C740002F736C5F7273695F7574696C6974792E8D
:10C75000630025733A25733A25643A52534E204FAD
:10C76000554920253032783A253032783A25303212
:10C77000782E0A0D0A0025733A25733A25643A503B
:10C780006169727769736520636970686572207387
:10C790007569746520636F756E743A2025752E0A6D
:10C7A0000D0A0073693931785F62757300736939F6
:10C7B00031785F6576656E740071756575652D3EBF
:10C7C00068656164203D3D204E554C4C007769738F
:10C7D00065636F6E6E656374335F73646B5F332E76
:10C7E000342E312F636F6D706F6E656E74732F64AE
:10C7F00065766963652F73696C6162732F7369393C
:10C8000031782F776972656C6573732F7372632F3C
:10C81000736C5F73693931785F6472697665722E03
:10C82000630071756575652D3E7461696C203D3DD1
:10C83000204E554C4C0077697365636F6E6E65636F
:10C8400074335F73646B5F332E342E312F636F6DDF
:10C85000706F6E656E74732F6465766963652F7390
:10C86000696C6162732F73693931782F77697265EA
:10C870006C6573732F746872656164696E672F737A
:10C880006C695F73693931785F6D756C7469746850
:10C890007265616465642E630025733A25733A25D9
:10C8A000643A0D0A204255535F57524954455F453B
:10C8B00052524F52200D0A0D0A0025733A25733A41
:10C8C00025643A3C3E3E3E3E205478202D3E207169
:10C8D000756575654964203A2025752C206672615E
:10C8E0006D654964203A20307825782C206C656E7F
:10C8F000677468203A2025750A0D0A0025733A25C9
:10C90000733A25643A3E3C3C3C3C205278202D3E14
:10C910002071756575654964203A2025752C20665F
:10C9200072616D654964203A20307825782C206644
:10C9300072616D655374617475733A20307825782F
:10C940002C206C656E677468203A2025750A0D0AE4
:10C950000025733A25733A25643A52617720446181
:10C9600074610A0D0A002C2066756E6374696F6E1F
:10C970003A2000617373657274696F6E20222573AB
:10C9800022206661696C65643A2066696C652022C4
:10C990002573222C206C696E652025642573257310
:10C9A0000A00232D302B2000686C4C00656667451B
:10C9B0004647003031323334353637383941424317
:10C9C00044454600303132333435363738396162C8
:10C9D000636465660000000037000000BEC4000804
:10C9E0000000000000000000000000000000000047
:10C9F000000C000008000000000000000000000023
:10CA00002CC40008000000007C3125000002000159
:10CA1000D4C300080000080009000A00000000005C
:10CA2000DB540020CD0A0008BB830008DF83000828
:10CA3000038400081D840008DE540020CD0A00088D
:10CA4000BB830008DF830008038400081D840008FE
:10CA5000C9910008D791000842000000000330414E
:10CA600005000000040330410400000010033041C1
:10CA70000100AA00736C5F73693931785F62757366
:10CA80005F726561645F6672616D6500736C5F7390
:10CA9000693931785F64656661756C745F68616E71
:10CAA000646C657200736C5F6E65745F73693931B5
:10CAB000785F6576656E745F6469737061746368CE
:10CAC0005F68616E646C65720073693931785F7399
:10CAD0006F636B65745F6576656E745F68616E64C5
:10CAE0006C657200736C695F73693931785F666C6D
:10CAF0007573685F736F636B65745F636F6D6D6192
:10CB00006E645F7175657565735F62617365645F9F
:10CB10006F6E5F71756575655F74797065007072B1
:10CB20006F636573735F72736E5F656C656D656E61
:10CB30007400000FAC0050F2736C695F7369393197
:10CB4000785F706F705F66726F6D5F627566666545
:10CB5000725F717565756500736C695F73693931F2
:10CB6000785F617070656E645F746F5F6275666632
:10CB700065725F7175657565006275735F7772695F
:10CB800074655F646174615F6672616D6500627592
:10CB9000735F77726974655F6672616D6500736952
:10CBA0003931785F6275735F7468726561640073B0
:10CBB0006C5F6372656174655F67656E65726963FA
:10CBC0005F72785F7061636B65745F66726F6D5FD3
:08CBD000706172616D730000D9
:08CBD8008036FF7F0100000020
:0CCBE000ECCB00081C54002034000000C6
:10CBEC00C0EA2101C0EA210100800000C0175302F5
:10CBFC00AAAAAAAA345400201C200020C2C40008EF
:10CC0C0002000000894400081C20002038CA0008DB
:10CC1C0020CA000800000A50030303030708090A8E
:10CC2C0040420F000800000000000000000100005E
:10CC3C00000000003C200020000000000300000069
:10CC4C00F82200208454002000000000F82200206C
:10CC5C0060230020C823002000000000000000001A
:10CC6C0000000000000000000000000000000000B8
:10CC7C0000000000000000000000000000000000A8
:10CC8C000000000000000000000000000000000098
:10CC9C0000000000FFFFFFFFFFFFFFFF28FF010167
:10CCAC000401010201FF0000350200080D0200081A
:04000005080004BD2E
:00000001FF
